collection,name,size,design,dyeing_method,construction,backing,product_type,wood_species,colour,fire_rating,usages,composition,Product
Armstrong Natural Creations,TP038,1318040.78,Oak,,,,Vinyl Flooring,Walnut,Roan Oak Driftwood Gray,,,,Flooring
Jungle,jua107,972002.25,,,,Non-woven,Specialty,,,ASTM E84 Class A,,,Wallcovering
Armstrong Simpurity,K822-101,561533.85,Biege,,,,Vinyl Flooring,Biege,Light Coir,,,,Flooring
Chimes,AZ52984,554372.3,Plains,,,Osnaburg,Vinyl,,,ASTM E84 Class A,,,Wallcovering
Broadway,BW01 CHARCOAL,506268.81,Organic,Yarn Dyed,Multi Level Loop,PVC,,,,,,,Carpet
Esta,ES05 ASH,464154.31,Geometric,Yarn Dyed,Multi Level Loop & Tip Shear,PVC Free,,,,,,,Carpet
Shalimar,sha6122,406677,,,,Non-woven,Textile,,,ASTM E84 Class A,,,Wallcovering
geff Laminate,GGLF006,385380.87,Teak,,,,Laminate Flooring,Teak,Sawn Teak,,,,Flooring
Broadway,BW05 LAGOON,377910.14,Organic,Yarn Dyed,Multi Level Loop,PVC,,,,,,,Carpet
Esta,ES06 MOCHA,343027.9,Geometric,Yarn Dyed,Multi Level Loop & Tip Shear,PVC Free,,,,,,,Carpet
Remix,AZ52829,340075.3,Abstract,,,Osnaburg,Vinyl,,,ASTM E84 Class A,,,Wallcovering
City Star,CS01 RED,299280.9,Stripes,Solution Dyed,Multi Level Loop,PVC Free,,,,,,,Carpet
Color Cube,CC09 GRASS,297031.96,Solid,Solution Dyed,Twisted Cut Pile,PVC,,,,,,,Carpet
City Glaze,CG02 CANE,279252.73,Geometric,Solution Dyed,Multi Level Loop,PVC,,,,,,,Carpet
Leedon,LN05 GREY,274027.89,Geometric,Solution Dyed,Multi Level Loop,PVC,,,,,,,Carpet
Armstrong Medintech Plus,K811-524,270451.83,Green,,,,Vinyl Flooring,Green,Moss,,,,Flooring
Safari,Y47162,231409.2,Grass/Bamboos,,,Osnaburg,Vinyl,,,ASTM E84 Class A,,,Wallcovering
Cobra,ca62,230851.57,,,,Non-woven,Non-woven,,,ASTM E84 Class A,,,Wallcovering
Armstrong Medintech Plus,K811-212,212844.37,Champagne,,,,Vinyl Flooring,Champagne,Carthamus Champagne,,,,Flooring
Color Cube,CC07 OLIVE,201327.89,Solid,Solution Dyed,Twisted Cut Pile,PVC,,,,,,,Carpet
Tomoko,132068,192286.23,Herringbone / Chevron / Houndstooth,,,,,,,,"Curtain, Upholstery","57%Viscose, 24%Polyester & 19% Cotton",Fabric
Armstrong Natural Creations,CW018,188621.64,Walnut,,,,Vinyl Flooring,Walnut,Sparrow Walnut,,,,Flooring
Cobra,ca64,188291.98,,,,Non-woven,Non-woven,,,ASTM E84 Class A,,,Wallcovering
Esta,ES09 BLACK,187447.98,Geometric,Yarn Dyed,Multi Level Loop & Tip Shear,PVC Free,,,,,,,Carpet
Plains one + 1,131951,182194.11,Plain,,,,,,,,"Curtain, Upholstery",70%Viscose & 30%Linen,Fabric
Vera,VR04 BLUE,181480.19,Organic,Solution Dyed,Multi Level Loop,PVC,,,,,,,Carpet
Cobra,ca55,179683.09,,,,Non-woven,Non-woven,,,ASTM E84 Class A,,,Wallcovering
Chimes,AZ52988,177862.41,Plains,,,Osnaburg,Vinyl,,,ASTM E84 Class A,,,Wallcovering
Plains one + 1,131943,176817,Plain,,,,,,,,"Curtain, Upholstery",70%Viscose & 30%Linen,Fabric
Brushstrokes,Y47053,172982.65,Abstract,,,Osnaburg,Vinyl,,,ASTM E84 Class A,,,Wallcovering
Cobra,ca52,158978.15,,,,Non-woven,Non-woven,,,ASTM E84 Class A,,,Wallcovering
Cobra,ca23,148572.58,,,,Non-woven,Specialty,,,ASTM E84 Class A,,,Wallcovering
Color Cube,CC01 CHARCOAL,147392.48,Solid,Solution Dyed,Twisted Cut Pile,PVC,,,,,,,Carpet
Color Cube,CC04 WOOD,146746.09,Solid,Solution Dyed,Twisted Cut Pile,PVC,,,,,,,Carpet
Nashira,nai5614,143827.72,,,,Non-woven,Non-woven,,,ASTM E84 Class A,,,Wallcovering
Chimes,AZ52985,136704.35,Plains,,,Osnaburg,Vinyl,,,ASTM E84 Class A,,,Wallcovering
Jungle,jua105,129717.25,,,,Non-woven,Specialty,,,ASTM E84 Class A,,,Wallcovering
Color Cube,CC02 GRANITE,128796.02,Solid,Solution Dyed,Twisted Cut Pile,PVC,,,,,,,Carpet
Jungle,jua313,127169.5,,,,Non-woven,Specialty,,,ASTM E84 Class A,,,Wallcovering
Allure Fabrics,30400666,127061.89,Embroidery,,,,,,,,Curtain,70% Viscose - 30 % Linen - Viscose Embroidery,Fabric
Vera,VR02 GREY,126834,Organic,Solution Dyed,Multi Level Loop,PVC,,,,,,,Carpet
Chimes,AZ52992,121964.76,Plains,,,Osnaburg,Vinyl,,,ASTM E84 Class A,,,Wallcovering
Chimes,AZ52977,119629.55,Plains,,,Osnaburg,Vinyl,,,ASTM E84 Class A,,,Wallcovering
Remix,AZ52825,117144.8,Abstract,,,Osnaburg,Vinyl,,,ASTM E84 Class A,,,Wallcovering
NOX Vinyl,GD-5120,114949.35,Oak,,,,Vinyl Flooring,Oak,European Oak Golden,,,,Flooring
Milano,Milano Hunter,113234.12,,,,,,,,,Upholstery,100% Leather,Fabric
Jungle,jua224,113005.8,,,,Non-woven,Specialty,,,ASTM E84 Class A,,,Wallcovering
Color Cube,CC06 BEIGE,111654.35,Solid,Solution Dyed,Twisted Cut Pile,PVC,,,,,,,Carpet
Shalimar,sha6215,110282.5,,,,Non-woven,Textile,,,ASTM E84 Class A,,,Wallcovering
Leedon,LN06 CHOCOLATE,109971.88,Geometric,Solution Dyed,Multi Level Loop,PVC,,,,,,,Carpet
geff Laminate,GGLF002,109584.79,Walnut,,,,Laminate Flooring,Walnut,Sawn Walnut,,,,Flooring
Fraser II,FR4806 RUSTIC BROWN,106778.4,Stripes,Space Dyed,Multi Level Loop,PVC,,,,,,,Carpet
Soprano,SO05 WATERFALL,100543.1,Stripes,Solution Dyed,Multi Level Loop,PVC,,,,,,,Carpet
Soprano,SO06 ORCHID,98437.26,Stripes,Solution Dyed,Multi Level Loop,PVC,,,,,,,Carpet
Jungle,jua106,98016.89,,,,Non-woven,Specialty,,,ASTM E84 Class A,,,Wallcovering
Milano,Milano Fig,97264.54,,,,,,,,,Upholstery,100% Leather,Fabric
City Glaze,CG04 ROCKY,92356.69,Geometric,Solution Dyed,Multi Level Loop,PVC,,,,,,,Carpet
Meteor,Y47085,90828.1,Stones,,,Osnaburg,Vinyl,,,ASTM E84 Class A,,,Wallcovering
Chimes,AZ52980,89603.5,Plains,,,Osnaburg,Vinyl,,,ASTM E84 Class A,,,Wallcovering
Remix,AZ52835,88410,Abstract,,,Osnaburg,Vinyl,,,ASTM E84 Class A,,,Wallcovering
Safari Sun,Y47147,86725.17,Grass/Bamboos,,,Osnaburg,Vinyl,,,ASTM E84 Class A,,,Wallcovering
Uncork,AZ52856,86324.6,Grass/Bamboos,,,Osnaburg,Vinyl,,,ASTM E84 Class A,,,Wallcovering
Color Cube,CC05 BROWN,83872.32,Solid,Solution Dyed,Twisted Cut Pile,PVC,,,,,,,Carpet
Soprano,SO02 ROCKY,83134.51,Stripes,Solution Dyed,Multi Level Loop,PVC,,,,,,,Carpet
Carnet De Voyage Fabrics,8410125,82891,Embroidery,,,,,,,,Curtain,"100% Polyester, Viscose embroidery",Fabric
NOX Vinyl,GD-5405,82821.24,Maple,,,,Vinyl Flooring,Maple,Maple Natural,,,,Flooring
Acappella,AZ52940,81421.91,Fabric/Silks,,,Osnaburg,Vinyl,,,ASTM E84 Class A,,,Wallcovering
Shalimar,sha7001,79984.02,,,,Non-woven,Non-woven,,,ASTM E84 Class A,,,Wallcovering
Uncork,AZ52854,79525.7,Grass/Bamboos,,,Osnaburg,Vinyl,,,ASTM E84 Class A,,,Wallcovering
Vera,VR03 CHOCOLATE,78517.72,Organic,Solution Dyed,Multi Level Loop,PVC,,,,,,,Carpet
Uncork,AZ52849,77479.54,Grass/Bamboos,,,Osnaburg,Vinyl,,,ASTM E84 Class A,,,Wallcovering
Leedon,LN03 STONE,76787.6,Geometric,Solution Dyed,Multi Level Loop,PVC,,,,,,,Carpet
Esta,ES03 FOG,76457.96,Geometric,Yarn Dyed,Multi Level Loop & Tip Shear,PVC Free,,,,,,,Carpet
Cobra,ca46,75829.5,,,,Non-woven,Specialty,,,ASTM E84 Class A,,,Wallcovering
Blooms Cotton Blend,34921531,75037,Abstract / Random,,,,,,,,"Curtain, Upholstery",60% COTON 40% POLYESTER,Fabric
Plains one + 1,131953,71677.16,Plain,,,,,,,,"Curtain, Upholstery",70%Viscose & 30%Linen,Fabric
Jungle,jua324,70358.6,,,,Non-woven,Specialty,,,ASTM E84 Class A,,,Wallcovering
Sanshin,AZ52796,69118.21,Grass/Bamboos,,,Osnaburg,Vinyl,,,ASTM E84 Class A,,,Wallcovering
Blooms Cotton Blend,34920817,68553.51,Abstract / Random,,,,,,,,"Curtain, Upholstery",60% COTON 40% POLYESTER,Fabric
Oxide,Y47001,68431.1,Abstract,,,Osnaburg,Vinyl,,,ASTM E84 Class A,,,Wallcovering
Chimes,AZ52993,68239.96,Plains,,,Osnaburg,Vinyl,,,ASTM E84 Class A,,,Wallcovering
Cobra,ca41,67441.39,,,,Non-woven,Specialty,,,ASTM E84 Class A,,,Wallcovering
Remix,AZ52826,66866,Abstract,,,Osnaburg,Vinyl,,,ASTM E84 Class A,,,Wallcovering
Jungle,jua211,66791,,,,Non-woven,Specialty,,,ASTM E84 Class A,,,Wallcovering
Rainbows,raa301,66732,,,,Non-woven,Non-woven,,,ASTM E84 Class A,,,Wallcovering
Acappella,AZ52944,66155.4,Fabric/Silks,,,Osnaburg,Vinyl,,,ASTM E84 Class A,,,Wallcovering
Remix,AZ52842,65408.64,Abstract,,,Osnaburg,Vinyl,,,ASTM E84 Class A,,,Wallcovering
Cobra,ca61,65159.12,,,,Non-woven,Non-woven,,,ASTM E84 Class A,,,Wallcovering
Safari,Y47169,62575.35,Grass/Bamboos,,,Osnaburg,Vinyl,,,ASTM E84 Class A,,,Wallcovering
NOX Vinyl,GD-5121,61343.31,Oak,,,,Vinyl Flooring,Oak,European Oak Brown ,,,,Flooring
Chimes,AZ52989,61331.47,Plains,,,Osnaburg,Vinyl,,,ASTM E84 Class A,,,Wallcovering
Cobra,ca15,60997.46,,,,Non-woven,Specialty,,,ASTM E84 Class A,,,Wallcovering
City Star,CS04 ORANGE,60939.46,Stripes,Solution Dyed,Multi Level Loop,PVC Free,,,,,,,Carpet
City Glaze,CG05 DUSKY,60328.01,Geometric,Solution Dyed,Multi Level Loop,PVC,,,,,,,Carpet
Remix,AZ52834,59287.5,Abstract,,,Osnaburg,Vinyl,,,ASTM E84 Class A,,,Wallcovering
Fraser II,FR4804 PISTACHIO,59221.4,Stripes,Space Dyed,Multi Level Loop,PVC,,,,,,,Carpet
Color Cube,CC08 CHERRY,59183.55,Solid,Solution Dyed,Twisted Cut Pile,PVC,,,,,,,Carpet
Nashira,nai5610,59073.52,,,,Non-woven,Non-woven,,,ASTM E84 Class A,,,Wallcovering
Chimes,AZ52995,59053.61,Plains,,,Osnaburg,Vinyl,,,ASTM E84 Class A,,,Wallcovering
Fraser II,FR4802 URBAN GREY,59012.54,Stripes,Space Dyed,Multi Level Loop,PVC,,,,,,,Carpet
Safari,Y47167,58981,Grass/Bamboos,,,Osnaburg,Vinyl,,,ASTM E84 Class A,,,Wallcovering
Uncork,AZ52848,58617.94,Grass/Bamboos,,,Osnaburg,Vinyl,,,ASTM E84 Class A,,,Wallcovering
Jungle,jua233,58060.26,,,,Non-woven,Specialty,,,ASTM E84 Class A,,,Wallcovering
Shalimar,sha3609,57405,,,,Non-woven,Textile,,,ASTM E84 Class A,,,Wallcovering
Nashira,nai2802,54493,,,,Non-woven,Non-woven,,,ASTM E84 Class A,,,Wallcovering
Cabana,CB01 STONE,53814.02,Geometric,Solution Dyed,Level Loop,PVC,,,,,,,Carpet
Chimes,AZ52982,53364.95,Plains,,,Osnaburg,Vinyl,,,ASTM E84 Class A,,,Wallcovering
Marble,Y46983,52634.75,Stones,,,Osnaburg,Vinyl,,,ASTM E84 Class A,,,Wallcovering
Jungle,jua334,52014.97,,,,Non-woven,Specialty,,,ASTM E84 Class A,,,Wallcovering
Jungle,jua225,51758.82,,,,Non-woven,Specialty,,,ASTM E84 Class A,,,Wallcovering
Nashira,nai2801,51420.3,,,,Non-woven,Non-woven,,,ASTM E84 Class A,,,Wallcovering
Jungle,jua101,51407.24,,,,Non-woven,Specialty,,,ASTM E84 Class A,,,Wallcovering
Color Cube,CC03 GREY,51260.57,Solid,Solution Dyed,Twisted Cut Pile,PVC,,,,,,,Carpet
City Star,CS05 PURPLE,50977.5,Stripes,Solution Dyed,Multi Level Loop,PVC Free,,,,,,,Carpet
Amp'd,AZ52815,50866.55,Abstract,,,Osnaburg,Vinyl,,,ASTM E84 Class A,,,Wallcovering
Allure Fabrics,3080489,50827.4,Embroidery,,,,,,,,Curtain,"100% LIN, BRODERIE VISCOSE",Fabric
Cobra,ca33,50226,,,,Non-woven,Specialty,,,ASTM E84 Class A,,,Wallcovering
Chimes,AZ52975,49947.85,Plains,,,Osnaburg,Vinyl,,,ASTM E84 Class A,,,Wallcovering
Cobra,ca54,49409.4,,,,Non-woven,Non-woven,,,ASTM E84 Class A,,,Wallcovering
Fraser II,FR2303 FOREST,49224.42,Stripes,Space Dyed,Multi Level Loop,PVC,,,,,,,Carpet
Cobra,ca66,49111.98,,,,Non-woven,Non-woven,,,ASTM E84 Class A,,,Wallcovering
Fraser II,FR4801 COSMO BLUE,48555.72,Stripes,Space Dyed,Multi Level Loop,PVC,,,,,,,Carpet
Armstrong Medintech Plus,K811-002,48304.7,Grey,,,,Vinyl Flooring,Grey,Silver Grey,,,,Flooring
Plains one + 1,131942,44471.45,Plain,,,,,,,,"Curtain, Upholstery",70%Viscose & 30%Linen,Fabric
Broadway,BW03 CEMENT,44055.14,Organic,Yarn Dyed,Multi Level Loop,PVC,,,,,,,Carpet
Esta,ES08 ATLANTIC,43762.64,Geometric,Yarn Dyed,Multi Level Loop & Tip Shear,PVC Free,,,,,,,Carpet
Shalimar,sha5418,43741.2,,,,Non-woven,Textile,,,ASTM E84 Class A,,,Wallcovering
Milano,Milano Garnet,43630.4,,,,,,,,,Upholstery,100% Leather,Fabric
Jungle,jua333,42578.25,,,,Non-woven,Specialty,,,ASTM E84 Class A,,,Wallcovering
Brushstrokes,Y47051,42560.5,Abstract,,,Osnaburg,Vinyl,,,ASTM E84 Class A,,,Wallcovering
Soprano,SO07 HERITAGE,42292.87,Stripes,Solution Dyed,Multi Level Loop,PVC,,,,,,,Carpet
Armstrong Medintech Plus,K811-003,41932.54,Grey,,,,Vinyl Flooring,Grey,Smoke,,,,Flooring
Chimes,AZ52987,41664.8,Plains,,,Osnaburg,Vinyl,,,ASTM E84 Class A,,,Wallcovering
Nashira,nai5609,41633.9,,,,Non-woven,Non-woven,,,ASTM E84 Class A,,,Wallcovering
Cobra,ca57,40802.95,,,,Non-woven,Non-woven,,,ASTM E84 Class A,,,Wallcovering
Jungle,jua406,40267.7,,,,Non-woven,Specialty,,,ASTM E84 Class A,,,Wallcovering
Milano,Milano Bisque,40198,,,,,,,,,Upholstery,100% Leather,Fabric
Plains Five,NPLS131168,39811.65,Abstract / Random,,,,,,,,Curtain,55% Polyester 45% Cotton,Fabric
Davenport,DAV-8787,39616.68,Animal Skins,,,,,,,,Upholstery,GSA Certified. Top Grain Leather,Fabric
Jungle,jua328,39551,,,,Non-woven,Specialty,,,ASTM E84 Class A,,,Wallcovering
Broadway,BW08 RUBY,39514.97,Organic,Yarn Dyed,Multi Level Loop,PVC,,,,,,,Carpet
Nashira,nai1066,39388.6,,,,Non-woven,Specialty,,,ASTM E84 Class A,,,Wallcovering
Jungle,jua411,39055.79,,,,Non-woven,Specialty,,,ASTM E84 Class A,,,Wallcovering
Acappella,AZ52943,38880.44,Fabric/Silks,,,Osnaburg,Vinyl,,,ASTM E84 Class A,,,Wallcovering
Rainbows,raa403,38225.2,,,,Non-woven,Non-woven,,,ASTM E84 Class A,,,Wallcovering
Sanshin,AZ52795,37411.74,Grass/Bamboos,,,Osnaburg,Vinyl,,,ASTM E84 Class A,,,Wallcovering
Plains one + 1,131950,37408.75,Plain,,,,,,,,"Curtain, Upholstery",70%Viscose & 30%Linen,Fabric
City Star,CS02 LIME,37319.51,Stripes,Solution Dyed,Multi Level Loop,PVC Free,,,,,,,Carpet
Brushstrokes,Y47061,37003.44,Abstract,,,Osnaburg,Vinyl,,,ASTM E84 Class A,,,Wallcovering
Broadway,BW02 CHOCOLATE,36499.82,Organic,Yarn Dyed,Multi Level Loop,PVC,,,,,,,Carpet
City Star,CS03 BLUE,36113.46,Stripes,Solution Dyed,Multi Level Loop,PVC Free,,,,,,,Carpet
Esta,ES01 CANE,35922.4,Geometric,Yarn Dyed,Multi Level Loop & Tip Shear,PVC Free,,,,,,,Carpet
Davenport,DAV-1112,35640,Animal Skins,,,,,,,,Upholstery,GSA Certified. Top Grain Leather,Fabric
Sanshin,AZ52811,35344.05,Grass/Bamboos,,,Osnaburg,Vinyl,,,ASTM E84 Class A,,,Wallcovering
Uncork,AZ52857,34985.7,Grass/Bamboos,,,Osnaburg,Vinyl,,,ASTM E84 Class A,,,Wallcovering
Rainbows,raa103,34791.3,,,,Non-woven,Specialty,,,ASTM E84 Class A,,,Wallcovering
Uncork,AZ52847,34577.8,Grass/Bamboos,,,Osnaburg,Vinyl,,,ASTM E84 Class A,,,Wallcovering
Remix,AZ52832,34136.8,Abstract,,,Osnaburg,Vinyl,,,ASTM E84 Class A,,,Wallcovering
Davenport,DAV-8779,34084.3,Animal Skins,,,,,,,,Upholstery,GSA Certified. Top Grain Leather,Fabric
geff Laminate,GGLF008,34068.69,Oak,,,,Laminate Flooring,Oak,Grey Dudsk,,,,Flooring
Jailhouse Rock,AZ53040,33497.6,Abstract,,,Osnaburg,Vinyl,,,ASTM E84 Class A,,,Wallcovering
Nashira,nai1022,33080.35,,,,Non-woven,Specialty,,,ASTM E84 Class A,,,Wallcovering
Jungle,jua102,33060,,,,Non-woven,Specialty,,,ASTM E84 Class A,,,Wallcovering
Milano,Milano Carmel,32982,,,,,,,,,Upholstery,100% Leather,Fabric
Cabana,CB04 SEA SQUIRT,32795.98,Geometric,Solution Dyed,Level Loop,PVC,,,,,,,Carpet
Blooms Cotton Blend,34921837,32697.72,Abstract / Random,,,,,,,,"Curtain, Upholstery",60% COTON 40% POLYESTER,Fabric
Rainbows,raa309,32430,,,,Non-woven,Non-woven,,,ASTM E84 Class A,,,Wallcovering
Nashira,nai1044,32385.72,,,,Non-woven,Specialty,,,ASTM E84 Class A,,,Wallcovering
Jailhouse Rock,AZ53038,32274.95,Abstract,,,Osnaburg,Vinyl,,,ASTM E84 Class A,,,Wallcovering
Shalimar,sha4100,32203.8,,,,Non-woven,Textile,,,ASTM E84 Class A,,,Wallcovering
Fraser II,FR2304 CAMEL,31618.82,Stripes,Space Dyed,Multi Level Loop,PVC,,,,,,,Carpet
Shalimar,sha7520,31404,,,,Non-woven,Non-woven,,,ASTM E84 Class A,,,Wallcovering
Davenport,DAV-9206,31242,Animal Skins,,,,,,,,Upholstery,GSA Certified. Top Grain Leather,Fabric
Nashira,nai1055,31218.8,,,,Non-woven,Specialty,,,ASTM E84 Class A,,,Wallcovering
Brushstrokes,Y47055,30932,Abstract,,,Osnaburg,Vinyl,,,ASTM E84 Class A,,,Wallcovering
Jungle,jua314,30902.9,,,,Non-woven,Specialty,,,ASTM E84 Class A,,,Wallcovering
Sanshin,AZ52812,30850,Grass/Bamboos,,,Osnaburg,Vinyl,,,ASTM E84 Class A,,,Wallcovering
Davenport,DAV-8546,30796,Animal Skins,,,,,,,,Upholstery,GSA Certified. Top Grain Leather,Fabric
Remix,AZ52839,30748,Abstract,,,Osnaburg,Vinyl,,,ASTM E84 Class A,,,Wallcovering
Uncork,AZ52845,30314,Grass/Bamboos,,,Osnaburg,Vinyl,,,ASTM E84 Class A,,,Wallcovering
Meteor,Y47091,30289.1,Stones,,,Osnaburg,Vinyl,,,ASTM E84 Class A,,,Wallcovering
Jungle,jua315,30250.2,,,,Non-woven,Specialty,,,ASTM E84 Class A,,,Wallcovering
Chimes,AZ52979,30148.98,Plains,,,Osnaburg,Vinyl,,,ASTM E84 Class A,,,Wallcovering
Brushstrokes,Y47063,29848,Abstract,,,Osnaburg,Vinyl,,,ASTM E84 Class A,,,Wallcovering
Oxide,Y46992,29605,Abstract,,,Osnaburg,Vinyl,,,ASTM E84 Class A,,,Wallcovering
Sanshin,AZ52809,29521.5,Grass/Bamboos,,,Osnaburg,Vinyl,,,ASTM E84 Class A,,,Wallcovering
Meteor,Y47083,29364.7,Stones,,,Osnaburg,Vinyl,,,ASTM E84 Class A,,,Wallcovering
Tomoko,132076,29326.58,Textured,,,,,,,,"Curtain, Upholstery",92%Polyester & 8% Cotton,Fabric
Vera,VR01 GRANITE,29323.82,Organic,Solution Dyed,Multi Level Loop,PVC,,,,,,,Carpet
Armstrong Simpurity,K822-001,29285.01,Grey,,,,Vinyl Flooring,Grey,Gently Grey,,,,Flooring
geff Laminate,GGLF007,29263.4,Oak,,,,Laminate Flooring,Oak,Ash Oak,,,,Flooring
Jungle,jua311,29200.7,,,,Non-woven,Specialty,,,ASTM E84 Class A,,,Wallcovering
Safari,Y47172,28668.55,Grass/Bamboos,,,Osnaburg,Vinyl,,,ASTM E84 Class A,,,Wallcovering
Plains Five,NPLS131155,28512.5,Abstract / Random,,,,,,,,Curtain,55% Polyester 45% Cotton,Fabric
Amp'd,AZ52816,28286.75,Abstract,,,Osnaburg,Vinyl,,,ASTM E84 Class A,,,Wallcovering
Uncork,AZ52851,28232.8,Grass/Bamboos,,,Osnaburg,Vinyl,,,ASTM E84 Class A,,,Wallcovering
Jungle,jua312,27931.56,,,,Non-woven,Specialty,,,ASTM E84 Class A,,,Wallcovering
Shalimar,sha2100,27638,,,,Non-woven,Textile,,,ASTM E84 Class A,,,Wallcovering
Fraser II,FR4805 SPECTRUM RED,27518.05,Stripes,Space Dyed,Multi Level Loop,PVC,,,,,,,Carpet
Rainbows,raa302,27464.79,,,,Non-woven,Non-woven,,,ASTM E84 Class A,,,Wallcovering
Sanshin,AZ52793,27369.22,Grass/Bamboos,,,Osnaburg,Vinyl,,,ASTM E84 Class A,,,Wallcovering
Cobra,ca13,27303.96,,,,Non-woven,Specialty,,,ASTM E84 Class A,,,Wallcovering
Plains Five,NPLS131186,27148.3,Abstract / Random,,,,,,,,Curtain,55% Polyester 45% Cotton,Fabric
Oxide,Y46999,27105.4,Abstract,,,Osnaburg,Vinyl,,,ASTM E84 Class A,,,Wallcovering
Cabana,CB02 SANDY,26891.25,Geometric,Solution Dyed,Level Loop,PVC,,,,,,,Carpet
Cobra,ca32,26776.59,,,,Non-woven,Specialty,,,ASTM E84 Class A,,,Wallcovering
Rainbows,raa414,26768.2,,,,Non-woven,Non-woven,,,ASTM E84 Class A,,,Wallcovering
Brushstrokes,Y47060,26687.22,Abstract,,,Osnaburg,Vinyl,,,ASTM E84 Class A,,,Wallcovering
Marble,Y46988,26513.65,Stones,,,Osnaburg,Vinyl,,,ASTM E84 Class A,,,Wallcovering
Marble,Y46987,26414.5,Stones,,,Osnaburg,Vinyl,,,ASTM E84 Class A,,,Wallcovering
Nashira,nai6802,26226.9,,,,Non-woven,Non-woven,,,ASTM E84 Class A,,,Wallcovering
NOX Vinyl,NCP-6710,26194.91,Maple,,,,Vinyl Flooring,Oak,Western Oak Grey,,,,Flooring
Shalimar,sha6405,26168.15,,,,Non-woven,Textile,,,ASTM E84 Class A,,,Wallcovering
Acappella,AZ52957,25837.05,Fabric/Silks,,,Osnaburg,Vinyl,,,ASTM E84 Class A,,,Wallcovering
Safari,Y47171,25802.25,Grass/Bamboos,,,Osnaburg,Vinyl,,,ASTM E84 Class A,,,Wallcovering
Blooms Cotton Blend,34921633,25536.68,Abstract / Random,,,,,,,,"Curtain, Upholstery",60% COTON 40% POLYESTER,Fabric
Sanshin,AZ52813,25527.35,Grass/Bamboos,,,Osnaburg,Vinyl,,,ASTM E84 Class A,,,Wallcovering
Armstrong Simpurity,K822-002,25410.89,Grey,,,,Vinyl Flooring,Grey,Plow Rock,,,,Flooring
Shalimar,sha7002,25318.1,,,,Non-woven,Non-woven,,,ASTM E84 Class A,,,Wallcovering
Tomoko,132083,25075.38,Textured,,,,,,,,"Curtain, Upholstery",92%Polyester & 8% Cotton,Fabric
City Glaze,CG03 NATURAL,24788.41,Geometric,Solution Dyed,Multi Level Loop,PVC,,,,,,,Carpet
Sanshin,AZ52802,24707.4,Grass/Bamboos,,,Osnaburg,Vinyl,,,ASTM E84 Class A,,,Wallcovering
Brushstrokes,Y47054,24654.4,Abstract,,,Osnaburg,Vinyl,,,ASTM E84 Class A,,,Wallcovering
Oxide,Y46991,24585.1,Abstract,,,Osnaburg,Vinyl,,,ASTM E84 Class A,,,Wallcovering
Shalimar,sha6307,24523.3,,,,Non-woven,Textile,,,ASTM E84 Class A,,,Wallcovering
Acappella,AZ52950,24457.85,Fabric/Silks,,,Osnaburg,Vinyl,,,ASTM E84 Class A,,,Wallcovering
Chimes,AZ52996,24370.6,Plains,,,Osnaburg,Vinyl,,,ASTM E84 Class A,,,Wallcovering
Meteor,Y47086,24282.5,Stones,,,Osnaburg,Vinyl,,,ASTM E84 Class A,,,Wallcovering
Plains one + 1,131939,24192.3,Plain,,,,,,,,"Curtain, Upholstery",70%Viscose & 30%Linen,Fabric
Jungle,jua327,24120,,,,Non-woven,Specialty,,,ASTM E84 Class A,,,Wallcovering
Chimes,AZ52994,24081.6,Plains,,,Osnaburg,Vinyl,,,ASTM E84 Class A,,,Wallcovering
Brushstrokes,Y47062,24064,Abstract,,,Osnaburg,Vinyl,,,ASTM E84 Class A,,,Wallcovering
Rainbows,raa307,23994.6,,,,Non-woven,Non-woven,,,ASTM E84 Class A,,,Wallcovering
geff Laminate,GGLF005,23927.35,Oak,,,,Laminate Flooring,Oak,Tea Mix,,,,Flooring
Meteor,Y47088,23572.49,Stones,,,Osnaburg,Vinyl,,,ASTM E84 Class A,,,Wallcovering
Uncork,AZ52850,23547.32,Grass/Bamboos,,,Osnaburg,Vinyl,,,ASTM E84 Class A,,,Wallcovering
Cobra,ca63,23532.43,,,,Non-woven,Non-woven,,,ASTM E84 Class A,,,Wallcovering
Nashira,nai1033,23427,,,,Non-woven,Specialty,,,ASTM E84 Class A,,,Wallcovering
geff Laminate,GGLF001,23418,Oak,,,,Laminate Flooring,Oak,White Ice,,,,Flooring
Davenport,DAV-8774,23053.2,Animal Skins,,,,,,,,Upholstery,GSA Certified. Top Grain Leather,Fabric
Jungle,jua322,22844.7,,,,Non-woven,Specialty,,,ASTM E84 Class A,,,Wallcovering
Safari,Y47165,22539,Grass/Bamboos,,,Osnaburg,Vinyl,,,ASTM E84 Class A,,,Wallcovering
Jungle,jua232,22432.52,,,,Non-woven,Specialty,,,ASTM E84 Class A,,,Wallcovering
Fraser II,FR2302 SILVERFISH,22407.22,Stripes,Space Dyed,Multi Level Loop,PVC,,,,,,,Carpet
Uncork,AZ52846,22393.57,Grass/Bamboos,,,Osnaburg,Vinyl,,,ASTM E84 Class A,,,Wallcovering
Uncork,AZ52855,22389.7,Grass/Bamboos,,,Osnaburg,Vinyl,,,ASTM E84 Class A,,,Wallcovering
Rainbows,raa203,22379.55,,,,Non-woven,Specialty,,,ASTM E84 Class A,,,Wallcovering
Sanshin,AZ52797,22323.15,Grass/Bamboos,,,Osnaburg,Vinyl,,,ASTM E84 Class A,,,Wallcovering
Jailhouse Rock,AZ53039,22268.3,Abstract,,,Osnaburg,Vinyl,,,ASTM E84 Class A,,,Wallcovering
Leedon,LN01 IVORY,22202.96,Geometric,Solution Dyed,Multi Level Loop,PVC,,,,,,,Carpet
Oxide,Y46998,22167.6,Abstract,,,Osnaburg,Vinyl,,,ASTM E84 Class A,,,Wallcovering
Shalimar,sha6621,22133.85,,,,Non-woven,Textile,,,ASTM E84 Class A,,,Wallcovering
Nashira,nai1011,22070.3,,,,Non-woven,Specialty,,,ASTM E84 Class A,,,Wallcovering
Fraser II,FR2301 SOIL,21977.24,Stripes,Space Dyed,Multi Level Loop,PVC,,,,,,,Carpet
Armstrong Medintech Plus,K811-004,21782.5,Grey,,,,Vinyl Flooring,Grey,Rock,,,,Flooring
Safari,Y47170,21715,Grass/Bamboos,,,Osnaburg,Vinyl,,,ASTM E84 Class A,,,Wallcovering
Davenport,DAV-7574,21671,Animal Skins,,,,,,,,Upholstery,GSA Certified. Top Grain Leather,Fabric
Marble,Y46980,21507.8,Stones,,,Osnaburg,Vinyl,,,ASTM E84 Class A,,,Wallcovering
Brushstrokes,Y47050,21505.5,Abstract,,,Osnaburg,Vinyl,,,ASTM E84 Class A,,,Wallcovering
Shalimar,sha6502,21429.8,,,,Non-woven,Textile,,,ASTM E84 Class A,,,Wallcovering
Nashira,nai5602,21424.6,,,,Non-woven,Non-woven,,,ASTM E84 Class A,,,Wallcovering
Jungle,jua332,21394.54,,,,Non-woven,Specialty,,,ASTM E84 Class A,,,Wallcovering
Brushstrokes,Y47066,21339.8,Abstract,,,Osnaburg,Vinyl,,,ASTM E84 Class A,,,Wallcovering
Uncork,AZ52853,21319.8,Grass/Bamboos,,,Osnaburg,Vinyl,,,ASTM E84 Class A,,,Wallcovering
Cobra,ca45,21296.91,,,,Non-woven,Specialty,,,ASTM E84 Class A,,,Wallcovering
Allure Fabrics,30420280,21288.45,Stripes,,,,,,,,Curtain,100% LIN,Fabric
Sanshin,AZ52800,21218.6,Grass/Bamboos,,,Osnaburg,Vinyl,,,ASTM E84 Class A,,,Wallcovering
Oxide,Y46993,21176,Abstract,,,Osnaburg,Vinyl,,,ASTM E84 Class A,,,Wallcovering
Safari,Y47164,21166.2,Grass/Bamboos,,,Osnaburg,Vinyl,,,ASTM E84 Class A,,,Wallcovering
Jailhouse Rock,AZ53042,21118.98,Abstract,,,Osnaburg,Vinyl,,,ASTM E84 Class A,,,Wallcovering
Remix,AZ52828,21021.15,Abstract,,,Osnaburg,Vinyl,,,ASTM E84 Class A,,,Wallcovering
Shalimar,sha1206,20994.35,,,,Non-woven,Textile,,,ASTM E84 Class A,,,Wallcovering
Rainbows,raa407,20982.45,,,,Non-woven,Non-woven,,,ASTM E84 Class A,,,Wallcovering
Carnet De Voyage Fabrics,8400251,20970,Check / Plaid,,,,,,,,Curtain,100% polyester,Fabric
Sanshin,AZ52805,20963.95,Grass/Bamboos,,,Osnaburg,Vinyl,,,ASTM E84 Class A,,,Wallcovering
Remix,AZ52837,20889,Abstract,,,Osnaburg,Vinyl,,,ASTM E84 Class A,,,Wallcovering
Fraser II,FR4808 EARTH YELLOW,20723.47,Stripes,Space Dyed,Multi Level Loop,PVC,,,,,,,Carpet
Plains one + 1,131941,20715.94,Plain,,,,,,,,"Curtain, Upholstery",70%Viscose & 30%Linen,Fabric
Nashira,nai4604,20600.75,,,,Non-woven,Specialty,,,ASTM E84 Class A,,,Wallcovering
Mixology Designs,33800623,20548,Check / Plaid,,,,,,,,Curtain,"64% COTTON, 36% POLYESTER",Fabric
Marble,Y46986,20539.3,Stones,,,Osnaburg,Vinyl,,,ASTM E84 Class A,,,Wallcovering
Allure Fabrics,30410177,20490,Floral,,,,,,,,Curtain,"55% LIN, 45% COTON",Fabric
Cobra,ca24,20392.2,,,,Non-woven,Specialty,,,ASTM E84 Class A,,,Wallcovering
Nashira,nai2803,20380.88,,,,Non-woven,Non-woven,,,ASTM E84 Class A,,,Wallcovering
Cobra,ca17,20358.9,,,,Non-woven,Specialty,,,ASTM E84 Class A,,,Wallcovering
Blooms Cotton Blend,34921021,20310.88,Abstract / Random,,,,,,,,"Curtain, Upholstery",60% COTON 40% POLYESTER,Fabric
Sanshin,AZ52801,20306.5,Grass/Bamboos,,,Osnaburg,Vinyl,,,ASTM E84 Class A,,,Wallcovering
Oxide,Y46990,20262,Abstract,,,Osnaburg,Vinyl,,,ASTM E84 Class A,,,Wallcovering
Plains one + 1,131948,20161,Plain,,,,,,,,"Curtain, Upholstery",70%Viscose & 30%Linen,Fabric
Nashira,nai6801,20117.43,,,,Non-woven,Non-woven,,,ASTM E84 Class A,,,Wallcovering
Armstrong Natural Creations,CW014,20014.26,Oak,,,,Vinyl Flooring,Oak,White Washed Oak,,,,Flooring
Chimes,AZ52976,19990,Plains,,,Osnaburg,Vinyl,,,ASTM E84 Class A,,,Wallcovering
Davenport,DAV-8446,19985.15,Animal Skins,,,,,,,,Upholstery,GSA Certified. Top Grain Leather,Fabric
Rainbows,raa412,19951.6,,,,Non-woven,Non-woven,,,ASTM E84 Class A,,,Wallcovering
Safari,Y47173,19799,Grass/Bamboos,,,Osnaburg,Vinyl,,,ASTM E84 Class A,,,Wallcovering
Jungle,jua326,19707.5,,,,Non-woven,Specialty,,,ASTM E84 Class A,,,Wallcovering
Safari,Y47157,19699.8,Grass/Bamboos,,,Osnaburg,Vinyl,,,ASTM E84 Class A,,,Wallcovering
Rainbows,raa102,19652.95,,,,Non-woven,Specialty,,,ASTM E84 Class A,,,Wallcovering
Meteor,Y47080,19539,Stones,,,Osnaburg,Vinyl,,,ASTM E84 Class A,,,Wallcovering
Amp'd,AZ52821,19456,Abstract,,,Osnaburg,Vinyl,,,ASTM E84 Class A,,,Wallcovering
Amp'd,AZ52822,19349.1,Abstract,,,Osnaburg,Vinyl,,,ASTM E84 Class A,,,Wallcovering
Safari Sun,Y47150,19148.74,Grass/Bamboos,,,Osnaburg,Vinyl,,,ASTM E84 Class A,,,Wallcovering
Davenport,DAV-7349,19105.95,Animal Skins,,,,,,,,Upholstery,GSA Certified. Top Grain Leather,Fabric
Remix,AZ52841,18980.65,Abstract,,,Osnaburg,Vinyl,,,ASTM E84 Class A,,,Wallcovering
Remix,AZ52836,18974,Abstract,,,Osnaburg,Vinyl,,,ASTM E84 Class A,,,Wallcovering
Safari,Y47160,18783.04,Grass/Bamboos,,,Osnaburg,Vinyl,,,ASTM E84 Class A,,,Wallcovering
Armstrong Medintech Plus,K811-106,18718.16,Pearl,,,,Vinyl Flooring,Pearl,Freesia Pearl,,,,Flooring
Nashira,nai3802,18688.3,,,,Non-woven,Non-woven,,,ASTM E84 Class A,,,Wallcovering
Acappella,AZ52936,18595,Fabric/Silks,,,Osnaburg,Vinyl,,,ASTM E84 Class A,,,Wallcovering
Remix,AZ52838,18350.5,Abstract,,,Osnaburg,Vinyl,,,ASTM E84 Class A,,,Wallcovering
Sanshin,AZ52807,18085.2,Grass/Bamboos,,,Osnaburg,Vinyl,,,ASTM E84 Class A,,,Wallcovering
Chimes,AZ52978,17926.76,Plains,,,Osnaburg,Vinyl,,,ASTM E84 Class A,,,Wallcovering
Nashira,nai2804,17921.8,,,,Non-woven,Non-woven,,,ASTM E84 Class A,,,Wallcovering
Marble,Y46982,17803.4,Stones,,,Osnaburg,Vinyl,,,ASTM E84 Class A,,,Wallcovering
Brushstrokes,Y47067,17777.1,Abstract,,,Osnaburg,Vinyl,,,ASTM E84 Class A,,,Wallcovering
Rainbows,raa401,17596.01,,,,Non-woven,Non-woven,,,ASTM E84 Class A,,,Wallcovering
Remix,AZ52830,17583.1,Abstract,,,Osnaburg,Vinyl,,,ASTM E84 Class A,,,Wallcovering
Armstrong Medintech Plus,K811-331,17505.38,Yellow,,,,Vinyl Flooring,Yellow,Banana,,,,Flooring
Sanshin,AZ52792,17476.25,Grass/Bamboos,,,Osnaburg,Vinyl,,,ASTM E84 Class A,,,Wallcovering
Acappella,AZ52954,17407.4,Fabric/Silks,,,Osnaburg,Vinyl,,,ASTM E84 Class A,,,Wallcovering
Davenport,DAV-1097,17405,Animal Skins,,,,,,,,Upholstery,GSA Certified. Top Grain Leather,Fabric
Meteor,Y47087,17358,Stones,,,Osnaburg,Vinyl,,,ASTM E84 Class A,,,Wallcovering
Plains Five,NPLS131176,17327.1,Abstract / Random,,,,,,,,Curtain,55% Polyester 45% Cotton,Fabric
Armstrong Natural Creations,TP037,17324.38,Walnut,,,,Vinyl Flooring,Oak,Roan Oak Cocoa,,,,Flooring
Rainbows,raa204,17292.75,,,,Non-woven,Specialty,,,ASTM E84 Class A,,,Wallcovering
geff Laminate,GGLF004,17270.8,Oak,,,,Laminate Flooring,Oak,Coffee Mix ,,,,Flooring
Acappella,AZ52935,17256,Fabric/Silks,,,Osnaburg,Vinyl,,,ASTM E84 Class A,,,Wallcovering
Tomoko,132073,17254.3,Herringbone / Chevron / Houndstooth,,,,,,,,"Curtain, Upholstery","57%Viscose, 24%Polyester & 19% Cotton",Fabric
Amp'd,AZ52818,17121,Abstract,,,Osnaburg,Vinyl,,,ASTM E84 Class A,,,Wallcovering
Carnet De Voyage Fabrics,8410232,17052.24,Embroidery,,,,,,,,Curtain,"100% Polyester, Viscose embroidery",Fabric
Davenport,DAV-8548,17050,Animal Skins,,,,,,,,Upholstery,GSA Certified. Top Grain Leather,Fabric
Safari Sun,Y47146,17043.39,Grass/Bamboos,,,Osnaburg,Vinyl,,,ASTM E84 Class A,,,Wallcovering
Chimes,AZ52990,17023.05,Plains,,,Osnaburg,Vinyl,,,ASTM E84 Class A,,,Wallcovering
Rainbows,raa312,16992.72,,,,Non-woven,Non-woven,,,ASTM E84 Class A,,,Wallcovering
Davenport,DAV-9203,16919,Animal Skins,,,,,,,,Upholstery,GSA Certified. Top Grain Leather,Fabric
Armstrong Medintech Plus,K811-107,16879.28,Gold,,,,Vinyl Flooring,Gold,Desert Gold,,,,Flooring
Jailhouse Rock,AZ53036,16833,Abstract,,,Osnaburg,Vinyl,,,ASTM E84 Class A,,,Wallcovering
Brushstrokes,Y47056,16728,Abstract,,,Osnaburg,Vinyl,,,ASTM E84 Class A,,,Wallcovering
Shalimar,sha3521,16661,,,,Non-woven,Textile,,,ASTM E84 Class A,,,Wallcovering
Shalimar,sha3204,16597.43,,,,Non-woven,Textile,,,ASTM E84 Class A,,,Wallcovering
Oxide,Y46996,16385.1,Abstract,,,Osnaburg,Vinyl,,,ASTM E84 Class A,,,Wallcovering
Shalimar,sha7540,16323.52,,,,Non-woven,Non-woven,,,ASTM E84 Class A,,,Wallcovering
Armstrong Natural Creations,CW007,16255.1,Pine,,,,Vinyl Flooring,Oak,Snow Pine,,,,Flooring
Sanshin,AZ52808,16220,Grass/Bamboos,,,Osnaburg,Vinyl,,,ASTM E84 Class A,,,Wallcovering
Sanshin,AZ52791,16197.3,Grass/Bamboos,,,Osnaburg,Vinyl,,,ASTM E84 Class A,,,Wallcovering
Plains Five,NPLS131181,16171.38,Abstract / Random,,,,,,,,Curtain,55% Polyester 45% Cotton,Fabric
Rainbows,raa306,16145.56,,,,Non-woven,Non-woven,,,ASTM E84 Class A,,,Wallcovering
Sanshin,AZ52804,16040,Grass/Bamboos,,,Osnaburg,Vinyl,,,ASTM E84 Class A,,,Wallcovering
Allure Fabrics,30400333,15970.2,Embroidery,,,,,,,,Curtain,70% Viscose - 30 % Linen - Viscose Embroidery,Fabric
Acappella,AZ52945,15960.3,Fabric/Silks,,,Osnaburg,Vinyl,,,ASTM E84 Class A,,,Wallcovering
Marble,Y46981,15897.5,Stones,,,Osnaburg,Vinyl,,,ASTM E84 Class A,,,Wallcovering
Marble,Y46984,15874.08,Stones,,,Osnaburg,Vinyl,,,ASTM E84 Class A,,,Wallcovering
Sanshin,AZ52790,15813.96,Grass/Bamboos,,,Osnaburg,Vinyl,,,ASTM E84 Class A,,,Wallcovering
Jungle,jua325,15797.48,,,,Non-woven,Specialty,,,ASTM E84 Class A,,,Wallcovering
Safari,Y47158,15783,Grass/Bamboos,,,Osnaburg,Vinyl,,,ASTM E84 Class A,,,Wallcovering
Jailhouse Rock,AZ53037,15781.4,Abstract,,,Osnaburg,Vinyl,,,ASTM E84 Class A,,,Wallcovering
Brushstrokes,Y47059,15627.5,Abstract,,,Osnaburg,Vinyl,,,ASTM E84 Class A,,,Wallcovering
Marble,Y46985,15449.47,Stones,,,Osnaburg,Vinyl,,,ASTM E84 Class A,,,Wallcovering
Acappella,AZ52958,15406.5,Fabric/Silks,,,Osnaburg,Vinyl,,,ASTM E84 Class A,,,Wallcovering
Uncork,AZ52852,15372.85,Grass/Bamboos,,,Osnaburg,Vinyl,,,ASTM E84 Class A,,,Wallcovering
Sanshin,AZ52806,15309.48,Grass/Bamboos,,,Osnaburg,Vinyl,,,ASTM E84 Class A,,,Wallcovering
Oxide,Y46994,15307.53,Abstract,,,Osnaburg,Vinyl,,,ASTM E84 Class A,,,Wallcovering
Sanshin,AZ52799,15300.2,Grass/Bamboos,,,Osnaburg,Vinyl,,,ASTM E84 Class A,,,Wallcovering
Broadway,BW07 VANILLA,15128.98,Organic,Yarn Dyed,Multi Level Loop,PVC,,,,,,,Carpet
Rainbows,raa201,15120.92,,,,Non-woven,Specialty,,,ASTM E84 Class A,,,Wallcovering
Rainbows,raa405,15015.7,,,,Non-woven,Non-woven,,,ASTM E84 Class A,,,Wallcovering
Shalimar,sha6719,15015,,,,Non-woven,Textile,,,ASTM E84 Class A,,,Wallcovering
Tomoko,132062,15005.2,Geometric,,,,,,,,"Curtain, Upholstery","56%Viscose, 25%Polyester & 19% Cotton",Fabric
Acappella,AZ52956,15004.6,Fabric/Silks,,,Osnaburg,Vinyl,,,ASTM E84 Class A,,,Wallcovering
Oxide,Y47000,14972.4,Abstract,,,Osnaburg,Vinyl,,,ASTM E84 Class A,,,Wallcovering
Acappella,AZ52951,14969,Fabric/Silks,,,Osnaburg,Vinyl,,,ASTM E84 Class A,,,Wallcovering
Chimes,AZ52991,14948.8,Plains,,,Osnaburg,Vinyl,,,ASTM E84 Class A,,,Wallcovering
Tomoko,132064,14942.5,Textured,,,,,,,,"Curtain, Upholstery","56%Viscose, 25%Polyester & 19% Cotton",Fabric
Rainbows,raa101,14939.95,,,,Non-woven,Specialty,,,ASTM E84 Class A,,,Wallcovering
Meteor,Y47082,14856.75,Stones,,,Osnaburg,Vinyl,,,ASTM E84 Class A,,,Wallcovering
Nashira,nai4603,14821.9,,,,Non-woven,Specialty,,,ASTM E84 Class A,,,Wallcovering
Brushstrokes,Y47052,14720,Abstract,,,Osnaburg,Vinyl,,,ASTM E84 Class A,,,Wallcovering
Cobra,ca56,14713,,,,Non-woven,Non-woven,,,ASTM E84 Class A,,,Wallcovering
Meteor,Y47089,14686.5,Stones,,,Osnaburg,Vinyl,,,ASTM E84 Class A,,,Wallcovering
Nashira,nai5601,14608.2,,,,Non-woven,Non-woven,,,ASTM E84 Class A,,,Wallcovering
Remix,AZ52840,14585,Abstract,,,Osnaburg,Vinyl,,,ASTM E84 Class A,,,Wallcovering
Nashira,nai6805,14579.2,,,,Non-woven,Non-woven,,,ASTM E84 Class A,,,Wallcovering
Davenport,DAV-7800,14562.02,Animal Skins,,,,,,,,Upholstery,GSA Certified. Top Grain Leather,Fabric
Chimes,AZ52997,14560,Plains,,,Osnaburg,Vinyl,,,ASTM E84 Class A,,,Wallcovering
Acappella,AZ52948,14502,Fabric/Silks,,,Osnaburg,Vinyl,,,ASTM E84 Class A,,,Wallcovering
Acappella,AZ52953,14418.1,Fabric/Silks,,,Osnaburg,Vinyl,,,ASTM E84 Class A,,,Wallcovering
Meteor,Y47090,14348.2,Stones,,,Osnaburg,Vinyl,,,ASTM E84 Class A,,,Wallcovering
Shalimar,sha5221,14257.6,,,,Non-woven,Textile,,,ASTM E84 Class A,,,Wallcovering
Allure Fabrics,3090299,14247,Floral,,,,,,,,Curtain,"59% LIN, 41% COTON, BRODERIE VISCOSE",Fabric
Davenport,DAV-4536,14225,Animal Skins,,,,,,,,Upholstery,GSA Certified. Top Grain Leather,Fabric
Acappella,AZ52942,14201.6,Fabric/Silks,,,Osnaburg,Vinyl,,,ASTM E84 Class A,,,Wallcovering
Sanshin,AZ52803,14107.2,Grass/Bamboos,,,Osnaburg,Vinyl,,,ASTM E84 Class A,,,Wallcovering
Davenport,DAV-8979,13927,Animal Skins,,,,,,,,Upholstery,GSA Certified. Top Grain Leather,Fabric
Plains Five,NPLS131177,13845.95,Abstract / Random,,,,,,,,Curtain,55% Polyester 45% Cotton,Fabric
Brushstrokes,Y47057,13695,Abstract,,,Osnaburg,Vinyl,,,ASTM E84 Class A,,,Wallcovering
Allure Fabrics,30400444,13617.8,Embroidery,,,,,,,,Curtain,70% Viscose - 30 % Linen - Viscose Embroidery,Fabric
Nashira,nai6804,13607,,,,Non-woven,Non-woven,,,ASTM E84 Class A,,,Wallcovering
Sanshin,AZ52794,13567,Grass/Bamboos,,,Osnaburg,Vinyl,,,ASTM E84 Class A,,,Wallcovering
Shalimar,sha3105,13533.2,,,,Non-woven,Textile,,,ASTM E84 Class A,,,Wallcovering
Amp'd,AZ52819,13523.95,Abstract,,,Osnaburg,Vinyl,,,ASTM E84 Class A,,,Wallcovering
Chimes,AZ52983,13515,Plains,,,Osnaburg,Vinyl,,,ASTM E84 Class A,,,Wallcovering
Davenport,DAV-9202,13494,Animal Skins,,,,,,,,Upholstery,GSA Certified. Top Grain Leather,Fabric
Safari Sun,Y47145,13492.55,Grass/Bamboos,,,Osnaburg,Vinyl,,,ASTM E84 Class A,,,Wallcovering
Sanshin,AZ52798,13479.4,Grass/Bamboos,,,Osnaburg,Vinyl,,,ASTM E84 Class A,,,Wallcovering
Safari,Y47156,13477.45,Grass/Bamboos,,,Osnaburg,Vinyl,,,ASTM E84 Class A,,,Wallcovering
Safari,Y47161,13397,Grass/Bamboos,,,Osnaburg,Vinyl,,,ASTM E84 Class A,,,Wallcovering
Cabana,CB03 MUD GREEN,13389.45,Geometric,Solution Dyed,Level Loop,PVC,,,,,,,Carpet
Jailhouse Rock,AZ53041,13202.4,Abstract,,,Osnaburg,Vinyl,,,ASTM E84 Class A,,,Wallcovering
Carnet De Voyage Fabrics,8390411,13153,Check / Plaid,,,,,,,,Curtain,"55% Cotton, 45% Linen",Fabric
Nashira,nai3801,13023.65,,,,Non-woven,Non-woven,,,ASTM E84 Class A,,,Wallcovering
Davenport,DAV-9201,12974.2,Animal Skins,,,,,,,,Upholstery,GSA Certified. Top Grain Leather,Fabric
Meteor,Y47081,12929.45,Stones,,,Osnaburg,Vinyl,,,ASTM E84 Class A,,,Wallcovering
Nashira,nai5611,12900.4,,,,Non-woven,Non-woven,,,ASTM E84 Class A,,,Wallcovering
Amp'd,AZ52817,12869.15,Abstract,,,Osnaburg,Vinyl,,,ASTM E84 Class A,,,Wallcovering
Remix,AZ52833,12868.09,Abstract,,,Osnaburg,Vinyl,,,ASTM E84 Class A,,,Wallcovering
Jungle,jua321,12867.8,,,,Non-woven,Specialty,,,ASTM E84 Class A,,,Wallcovering
Allure Fabrics,30430231,12774,Embroidery,,,,,,,,Curtain,"70% VISCOSE, 30% LIN",Fabric
Jungle,jua402,12767.88,,,,Non-woven,Specialty,,,ASTM E84 Class A,,,Wallcovering
Jungle,jua103,12767.4,,,,Non-woven,Specialty,,,ASTM E84 Class A,,,Wallcovering
Meteor,Y47084,12691.31,Stones,,,Osnaburg,Vinyl,,,ASTM E84 Class A,,,Wallcovering
Carnet De Voyage Fabrics,8380263,12657,Stripes,,,,,,,,Curtain,70% VISCOSE- 30% LINEN VISCOSE EMBROIDERY,Fabric
Oxide,Y46997,12564,Abstract,,,Osnaburg,Vinyl,,,ASTM E84 Class A,,,Wallcovering
Oxide,Y46995,12522,Abstract,,,Osnaburg,Vinyl,,,ASTM E84 Class A,,,Wallcovering
Chimes,AZ52981,12506.96,Plains,,,Osnaburg,Vinyl,,,ASTM E84 Class A,,,Wallcovering
Safari,Y47166,12493.3,Grass/Bamboos,,,Osnaburg,Vinyl,,,ASTM E84 Class A,,,Wallcovering
Rainbows,raa202,12446.24,,,,Non-woven,Specialty,,,ASTM E84 Class A,,,Wallcovering
Plains Five,NPLS131180,12320.5,Abstract / Random,,,,,,,,Curtain,55% Polyester 45% Cotton,Fabric
Shalimar,sha2221,12307,,,,Non-woven,Textile,,,ASTM E84 Class A,,,Wallcovering
Rainbows,raa304,12245.75,,,,Non-woven,Non-woven,,,ASTM E84 Class A,,,Wallcovering
Rainbows,raa315,12176,,,,Non-woven,Non-woven,,,ASTM E84 Class A,,,Wallcovering
Tomoko,132087,12126.4,Textured,,,,,,,,"Curtain, Upholstery",92%Polyester & 8% Cotton,Fabric
Cobra,ca21,12041.8,,,,Non-woven,Specialty,,,ASTM E84 Class A,,,Wallcovering
Nashira,nai5613,12009.7,,,,Non-woven,Non-woven,,,ASTM E84 Class A,,,Wallcovering
Davenport,DAV-7582,12008,Animal Skins,,,,,,,,Upholstery,GSA Certified. Top Grain Leather,Fabric
Plains Five,NPLS131162,11991,Abstract / Random,,,,,,,,Curtain,55% Polyester 45% Cotton,Fabric
Chimes,AZ52986,11989.3,Plains,,,Osnaburg,Vinyl,,,ASTM E84 Class A,,,Wallcovering
Sanshin,AZ52810,11945.9,Grass/Bamboos,,,Osnaburg,Vinyl,,,ASTM E84 Class A,,,Wallcovering
Nashira,nai5608,11923.2,,,,Non-woven,Non-woven,,,ASTM E84 Class A,,,Wallcovering
Jailhouse Rock,AZ53035,11911.48,Abstract,,,Osnaburg,Vinyl,,,ASTM E84 Class A,,,Wallcovering
Cobra,ca53,11799.08,,,,Non-woven,Non-woven,,,ASTM E84 Class A,,,Wallcovering
Jungle,jua417,11707.1,,,,Non-woven,Specialty,,,ASTM E84 Class A,,,Wallcovering
Cobra,ca65,11702.33,,,,Non-woven,Non-woven,,,ASTM E84 Class A,,,Wallcovering
Safari,Y47155,11679.2,Grass/Bamboos,,,Osnaburg,Vinyl,,,ASTM E84 Class A,,,Wallcovering
Cobra,ca31,11639.2,,,,Non-woven,Specialty,,,ASTM E84 Class A,,,Wallcovering
Jungle,jua323,11636.2,,,,Non-woven,Specialty,,,ASTM E84 Class A,,,Wallcovering
Rainbows,raa410,11596.97,,,,Non-woven,Non-woven,,,ASTM E84 Class A,,,Wallcovering
Acappella,AZ52941,11549.3,Fabric/Silks,,,Osnaburg,Vinyl,,,ASTM E84 Class A,,,Wallcovering
Shalimar,sha3306,11539.05,,,,Non-woven,Textile,,,ASTM E84 Class A,,,Wallcovering
Rainbows,raa305,11444.3,,,,Non-woven,Non-woven,,,ASTM E84 Class A,,,Wallcovering
Nashira,nai5607,11425.52,,,,Non-woven,Non-woven,,,ASTM E84 Class A,,,Wallcovering
Cobra,ca51,11361.2,,,,Non-woven,Non-woven,,,ASTM E84 Class A,,,Wallcovering
Acappella,AZ52955,11323.65,Fabric/Silks,,,Osnaburg,Vinyl,,,ASTM E84 Class A,,,Wallcovering
Shalimar,sha4422,11228.5,,,,Non-woven,Textile,,,ASTM E84 Class A,,,Wallcovering
Nashira,nai5604,11079.9,,,,Non-woven,Non-woven,,,ASTM E84 Class A,,,Wallcovering
Armstrong Medintech Plus,K811-533,11064.83,Blue,,,,Vinyl Flooring,Blue,Turquoise,,,,Flooring
Safari,Y47159,11046.45,Grass/Bamboos,,,Osnaburg,Vinyl,,,ASTM E84 Class A,,,Wallcovering
Allure Fabrics,30420534,10975.5,Stripes,,,,,,,,Curtain,100% LIN,Fabric
Jungle,jua415,10974.9,,,,Non-woven,Specialty,,,ASTM E84 Class A,,,Wallcovering
Nashira,nai5603,10729.7,,,,Non-woven,Non-woven,,,ASTM E84 Class A,,,Wallcovering
Allure Fabrics,3090478,10699,Floral,,,,,,,,Curtain,"59% LIN, 41% COTON, BRODERIE VISCOSE",Fabric
Acappella,AZ52938,10690.5,Fabric/Silks,,,Osnaburg,Vinyl,,,ASTM E84 Class A,,,Wallcovering
Acappella,AZ52949,10608.1,Fabric/Silks,,,Osnaburg,Vinyl,,,ASTM E84 Class A,,,Wallcovering
Acappella,AZ52937,10549.3,Fabric/Silks,,,Osnaburg,Vinyl,,,ASTM E84 Class A,,,Wallcovering
Brushstrokes,Y47064,10522,Abstract,,,Osnaburg,Vinyl,,,ASTM E84 Class A,,,Wallcovering
Allure Fabrics,3090363,10509,Floral,,,,,,,,Curtain,"59% LIN, 41% COTON, BRODERIE VISCOSE",Fabric
Safari Sun,Y47148,10427,Grass/Bamboos,,,Osnaburg,Vinyl,,,ASTM E84 Class A,,,Wallcovering
Amp'd,AZ52823,10385.76,Abstract,,,Osnaburg,Vinyl,,,ASTM E84 Class A,,,Wallcovering
Rainbows,raa310,10354.12,,,,Non-woven,Non-woven,,,ASTM E84 Class A,,,Wallcovering
Carnet De Voyage Fabrics,8010145,10341.6,Check / Plaid,,,,,,,,Upholstery,"67% acrylique, 22% polyester, 11% viscose",Fabric
Plains one + 1,131949,10306.11,Plain,,,,,,,,"Curtain, Upholstery",70%Viscose & 30%Linen,Fabric
Brushstrokes,Y47058,10243,Abstract,,,Osnaburg,Vinyl,,,ASTM E84 Class A,,,Wallcovering
Armstrong Natural Creations,CW008,10229.66,Oak,,,,Vinyl Flooring,Oak,Mountain Grey,,,,Flooring
Shalimar,sha3400,10166,,,,Non-woven,Textile,,,ASTM E84 Class A,,,Wallcovering
Allure Fabrics,30450366,10030.5,Stripes,,,,,,,,Curtain,"65% LIN, 35% POLYESTER",Fabric
Cobra,ca42,9957.44,,,,Non-woven,Specialty,,,ASTM E84 Class A,,,Wallcovering
Brushstrokes,Y47065,9953.75,Abstract,,,Osnaburg,Vinyl,,,ASTM E84 Class A,,,Wallcovering
Nashira,nai5605,9920.2,,,,Non-woven,Non-woven,,,ASTM E84 Class A,,,Wallcovering
Cobra,ca22,9915.82,,,,Non-woven,Specialty,,,ASTM E84 Class A,,,Wallcovering
Rainbows,raa311,9848.12,,,,Non-woven,Non-woven,,,ASTM E84 Class A,,,Wallcovering
Allure Fabrics,30440569,9827.6,Geometric,,,,,,,,Curtain,"78% VISCOSE, 22% POLYESTER",Fabric
Rainbows,raa409,9810.4,,,,Non-woven,Non-woven,,,ASTM E84 Class A,,,Wallcovering
Cobra,ca12,9778.84,,,,Non-woven,Specialty,,,ASTM E84 Class A,,,Wallcovering
Shalimar,sha4206,9692.54,,,,Non-woven,Textile,,,ASTM E84 Class A,,,Wallcovering
Amp'd,AZ52820,9684.96,Abstract,,,Osnaburg,Vinyl,,,ASTM E84 Class A,,,Wallcovering
Rainbows,raa413,9664.05,,,,Non-woven,Non-woven,,,ASTM E84 Class A,,,Wallcovering
Armstrong Natural Creations,TP039,9659.4,Oak,,,,Vinyl Flooring,Oak,Roan Oak Charcoal,,,,Flooring
Acappella,AZ52952,9638,Fabric/Silks,,,Osnaburg,Vinyl,,,ASTM E84 Class A,,,Wallcovering
Cobra,ca11,9549,,,,Non-woven,Specialty,,,ASTM E84 Class A,,,Wallcovering
Tomoko,132088,9494.67,Textured,,,,,,,,"Curtain, Upholstery",92%Polyester & 8% Cotton,Fabric
Tomoko,132065,9490,Textured,,,,,,,,"Curtain, Upholstery","56%Viscose, 25%Polyester & 19% Cotton",Fabric
Shalimar,sha1300,9298.5,,,,Non-woven,Textile,,,ASTM E84 Class A,,,Wallcovering
Shalimar,sha5105,9282.25,,,,Non-woven,Textile,,,ASTM E84 Class A,,,Wallcovering
Safari,Y47168,9272,Grass/Bamboos,,,Osnaburg,Vinyl,,,ASTM E84 Class A,,,Wallcovering
Chimes,AZ52998,9175.32,Plains,,,Osnaburg,Vinyl,,,ASTM E84 Class A,,,Wallcovering
Tomoko,132060,9174,Geometric,,,,,,,,"Curtain, Upholstery","56%Viscose, 25%Polyester & 19% Cotton",Fabric
Jungle,jua403,9082,,,,Non-woven,Specialty,,,ASTM E84 Class A,,,Wallcovering
Tomoko,132071,8972.5,Herringbone / Chevron / Houndstooth,,,,,,,,"Curtain, Upholstery","57%Viscose, 24%Polyester & 19% Cotton",Fabric
Rainbows,raa408,8939.5,,,,Non-woven,Non-woven,,,ASTM E84 Class A,,,Wallcovering
Plains Five,NPLS131187,8936.1,Abstract / Random,,,,,,,,Curtain,55% Polyester 45% Cotton,Fabric
Nashira,nai2805,8909.5,,,,Non-woven,Non-woven,,,ASTM E84 Class A,,,Wallcovering
Armstrong Natural Creations,CW004,8868.5,Walnut,,,,Vinyl Flooring,Walnut,Exotic Walnut,,,,Flooring
Safari Sun,Y47149,8839.4,Grass/Bamboos,,,Osnaburg,Vinyl,,,ASTM E84 Class A,,,Wallcovering
Remix,AZ52827,8807.7,Abstract,,,Osnaburg,Vinyl,,,ASTM E84 Class A,,,Wallcovering
Carnet De Voyage Fabrics,8410367,8749,Embroidery,,,,,,,,Curtain,"100% Polyester, Viscose embroidery",Fabric
Carnet De Voyage Fabrics,8000599,8741,Abstract / Random,,,,,,,,Upholstery,100% coton,Fabric
Safari,Y47163,8629,Grass/Bamboos,,,Osnaburg,Vinyl,,,ASTM E84 Class A,,,Wallcovering
Davenport,DAV-7579,8592.5,Animal Skins,,,,,,,,Upholstery,GSA Certified. Top Grain Leather,Fabric
Carnet De Voyage Fabrics,8370241,8578.9,Stripes,,,,,,,,Curtain,"60% Cotton, 40% Polyester, viscose embroidery",Fabric
Blooms Cotton Blend,34922653,8557,Abstract / Random,,,,,,,,"Curtain, Upholstery",60% COTON 40% POLYESTER,Fabric
Remix,AZ52831,8361,Abstract,,,Osnaburg,Vinyl,,,ASTM E84 Class A,,,Wallcovering
Rainbows,raa318,8324.2,,,,Non-woven,Non-woven,,,ASTM E84 Class A,,,Wallcovering
Rainbows,raa316,8090.5,,,,Non-woven,Non-woven,,,ASTM E84 Class A,,,Wallcovering
Nashira,nai6803,8085.2,,,,Non-woven,Non-woven,,,ASTM E84 Class A,,,Wallcovering
Allure Fabrics,30410213,8076.5,Floral,,,,,,,,Curtain,"55% LIN, 45% COTON",Fabric
Tomoko,132070,8010,Herringbone / Chevron / Houndstooth,,,,,,,,"Curtain, Upholstery","57%Viscose, 24%Polyester & 19% Cotton",Fabric
Shalimar,sha1121,8002.61,,,,Non-woven,Textile,,,ASTM E84 Class A,,,Wallcovering
Acappella,AZ52939,7983.85,Fabric/Silks,,,Osnaburg,Vinyl,,,ASTM E84 Class A,,,Wallcovering
Davenport,DAV-7298,7868.5,Animal Skins,,,,,,,,Upholstery,GSA Certified. Top Grain Leather,Fabric
Rainbows,raa313,7797,,,,Non-woven,Non-woven,,,ASTM E84 Class A,,,Wallcovering
Plains Five,NPLS131175,7572,Abstract / Random,,,,,,,,Curtain,55% Polyester 45% Cotton,Fabric
Shalimar,sha2306,7540,,,,Non-woven,Textile,,,ASTM E84 Class A,,,Wallcovering
Mixology Designs,34830451,7516.96,Geometric,,,,,,,,Upholstery,"37% LINEN, 33% POLYESTER, 30% POLYAMIDE",Fabric
Plains one + 1,131940,7434.75,Plain,,,,,,,,"Curtain, Upholstery",70%Viscose & 30%Linen,Fabric
Plains Five,NPLS131192,7399,Abstract / Random,,,,,,,,Curtain,55% Polyester 45% Cotton,Fabric
Acappella,AZ52947,7390.32,Fabric/Silks,,,Osnaburg,Vinyl,,,ASTM E84 Class A,,,Wallcovering
Blooms Cotton Blend,34920613,7358.47,Abstract / Random,,,,,,,,"Curtain, Upholstery",60% COTON 40% POLYESTER,Fabric
Shalimar,sha2405,7325.3,,,,Non-woven,Textile,,,ASTM E84 Class A,,,Wallcovering
Carnet De Voyage Fabrics,8360268,7323.5,Check / Plaid,,,,,,,,Curtain,"60% Linen, 25% Cotton, 15% Polyester",Fabric
Allure Fabrics,30450155,7281,Stripes,,,,,,,,Curtain,"65% LIN, 35% POLYESTER",Fabric
Plains Five,NPLS131172,7191.7,Abstract / Random,,,,,,,,Curtain,55% Polyester 45% Cotton,Fabric
Cobra,ca44,7081.23,,,,Non-woven,Specialty,,,ASTM E84 Class A,,,Wallcovering
Plains one + 1,131946,7066,Plain,,,,,,,,"Curtain, Upholstery",70%Viscose & 30%Linen,Fabric
Shalimar,sha4321,7066,,,,Non-woven,Textile,,,ASTM E84 Class A,,,Wallcovering
Acappella,AZ52946,7044,Fabric/Silks,,,Osnaburg,Vinyl,,,ASTM E84 Class A,,,Wallcovering
Mixology Designs,34820433,7032.8,Abstract / Random,,,,,,,,Curtain,"60% COTTON, 40% POLYESTER, VISCOSE EMBROIDERY",Fabric
Allure Fabrics,30440491,6979.5,Geometric,,,,,,,,Curtain,"78% VISCOSE, 22% POLYESTER",Fabric
Mixology Designs,34840253,6943,Abstract / Random,,,,,,,,Upholstery,"70% POLYESTER, 30% VISCOSE",Fabric
Allure Fabrics,30400555,6906.3,Embroidery,,,,,,,,Curtain,70% Viscose - 30 % Linen - Viscose Embroidery,Fabric
Nashira,nai4601,6840.1,,,,Non-woven,Specialty,,,ASTM E84 Class A,,,Wallcovering
Jungle,jua404,6802.5,,,,Non-woven,Specialty,,,ASTM E84 Class A,,,Wallcovering
Jungle,jua104,6791.65,,,,Non-woven,Specialty,,,ASTM E84 Class A,,,Wallcovering
Blooms Cotton Blend,34921939,6788,Abstract / Random,,,,,,,,"Curtain, Upholstery",60% COTON 40% POLYESTER,Fabric
Blooms Cotton Blend,34922755,6715,Abstract / Random,,,,,,,,"Curtain, Upholstery",60% COTON 40% POLYESTER,Fabric
Shalimar,sha5317,6701,,,,Non-woven,Textile,,,ASTM E84 Class A,,,Wallcovering
Plains Five,NPLS131159,6596.3,Abstract / Random,,,,,,,,Curtain,55% Polyester 45% Cotton,Fabric
Nashira,nai3803,6562.6,,,,Non-woven,Non-woven,,,ASTM E84 Class A,,,Wallcovering
Allure Fabrics,30400100,6524,Embroidery,,,,,,,,Curtain,70% Viscose - 30 % Linen - Viscose Embroidery,Fabric
Cobra,ca14,6508.5,,,,Non-woven,Specialty,,,ASTM E84 Class A,,,Wallcovering
Tomoko,132063,6501.5,Textured,,,,,,,,"Curtain, Upholstery","56%Viscose, 25%Polyester & 19% Cotton",Fabric
Allure Fabrics,30450483,6454,Stripes,,,,,,,,Curtain,"65% LIN, 35% POLYESTER",Fabric
Nashira,nai4602,6440.4,,,,Non-woven,Specialty,,,ASTM E84 Class A,,,Wallcovering
Blooms Cotton Blend,34921429,6430.12,Abstract / Random,,,,,,,,"Curtain, Upholstery",60% COTON 40% POLYESTER,Fabric
Milano,Milano Marine,6420.5,,,,,,,,,Upholstery,100% Leather,Fabric
Plains Five,NPLS131158,6397.9,Abstract / Random,,,,,,,,Curtain,55% Polyester 45% Cotton,Fabric
Allure Fabrics,30420359,6220,Stripes,,,,,,,,Curtain,100% LIN,Fabric
Plains Five,NPLS131185,6217,Abstract / Random,,,,,,,,Curtain,55% Polyester 45% Cotton,Fabric
Allure Fabrics,3080223,6176,Embroidery,,,,,,,,Curtain,"100% LIN, BRODERIE VISCOSE",Fabric
Allure Fabrics,30450284,6031,Stripes,,,,,,,,Curtain,"65% LIN, 35% POLYESTER",Fabric
Cobra,ca43,6027.44,,,,Non-woven,Specialty,,,ASTM E84 Class A,,,Wallcovering
Nashira,nai5606,6020.4,,,,Non-woven,Non-woven,,,ASTM E84 Class A,,,Wallcovering
Armstrong Medintech Plus,K811-435,5987.39,Red,,,,Vinyl Flooring,Red,Rouge,,,,Flooring
Carnet De Voyage Fabrics,8000477,5985.5,Abstract / Random,,,,,,,,Upholstery,100% coton,Fabric
Mixology Designs,33800215,5968,Check / Plaid,,,,,,,,Curtain,"64% COTTON, 36% POLYESTER",Fabric
Rainbows,raa303,5951,,,,Non-woven,Non-woven,,,ASTM E84 Class A,,,Wallcovering
Rainbows,raa411,5922.2,,,,Non-woven,Non-woven,,,ASTM E84 Class A,,,Wallcovering
Allure Fabrics,30430129,5886.68,Embroidery,,,,,,,,Curtain,"70% VISCOSE, 30% LIN",Fabric
Allure Fabrics,30410351,5782.5,Floral,,,,,,,,Curtain,"55% LIN, 45% COTON",Fabric
Carnet De Voyage Fabrics,8370621,5683.7,Stripes,,,,,,,,Curtain,"60% Cotton, 40% Polyester, viscose embroidery",Fabric
Carnet De Voyage Fabrics,8010256,5653,Check / Plaid,,,,,,,,Upholstery,"67% acrylique, 22% polyester, 11% viscose",Fabric
Plains Five,NPLS131174,5595.01,Abstract / Random,,,,,,,,Curtain,55% Polyester 45% Cotton,Fabric
Tomoko,132066,5565,Textured,,,,,,,,"Curtain, Upholstery","56%Viscose, 25%Polyester & 19% Cotton",Fabric
Milano,Milano Stucco,5545.84,,,,,,,,,Upholstery,100% Leather,Fabric
Rainbows,raa402,5535.8,,,,Non-woven,Non-woven,,,ASTM E84 Class A,,,Wallcovering
Allure Fabrics,30440235,5535,Geometric,,,,,,,,Curtain,"78% VISCOSE, 22% POLYESTER",Fabric
Blooms Cotton Blend,34921327,5323.3,Abstract / Random,,,,,,,,"Curtain, Upholstery",60% COTON 40% POLYESTER,Fabric
Plains one + 1,131945,5291,Plain,,,,,,,,"Curtain, Upholstery",70%Viscose & 30%Linen,Fabric
Carnet De Voyage Fabrics,8000255,5279,Abstract / Random,,,,,,,,Upholstery,100% coton,Fabric
Blooms Cotton Blend,34920511,5249.58,Abstract / Random,,,,,,,,"Curtain, Upholstery",60% COTON 40% POLYESTER,Fabric
Tomoko,132084,5227.4,Textured,,,,,,,,"Curtain, Upholstery",92%Polyester & 8% Cotton,Fabric
Plains Five,NPLS131194,5029.9,Abstract / Random,,,,,,,,Curtain,55% Polyester 45% Cotton,Fabric
Tomoko,132085,4825.4,Textured,,,,,,,,"Curtain, Upholstery",92%Polyester & 8% Cotton,Fabric
Mixology Designs,34820535,4809.8,Abstract / Random,,,,,,,,Curtain,"60% COTTON, 40% POLYESTER, VISCOSE EMBROIDERY",Fabric
Blooms Cotton Blend,34921123,4778,Abstract / Random,,,,,,,,"Curtain, Upholstery",60% COTON 40% POLYESTER,Fabric
Plains one + 1,131944,4770.6,Plain,,,,,,,,"Curtain, Upholstery",70%Viscose & 30%Linen,Fabric
Blooms Cotton Blend,34922347,4718.5,Abstract / Random,,,,,,,,"Curtain, Upholstery",60% COTON 40% POLYESTER,Fabric
Allure Fabrics,30400227,4661.5,Embroidery,,,,,,,,Curtain,70% Viscose - 30 % Linen - Viscose Embroidery,Fabric
Mixology Designs,34840457,4628,Abstract / Random,,,,,,,,Upholstery,"70% POLYESTER, 30% VISCOSE",Fabric
Allure Fabrics,3080112,4589.67,Embroidery,,,,,,,,Curtain,"100% LIN, BRODERIE VISCOSE",Fabric
Carnet De Voyage Fabrics,8360391,4508,Check / Plaid,,,,,,,,Curtain,"60% Linen, 25% Cotton, 15% Polyester",Fabric
Allure Fabrics,3080345,4475.49,Embroidery,,,,,,,,Curtain,"100% LIN, BRODERIE VISCOSE",Fabric
Carnet De Voyage Fabrics,8370427,4465,Stripes,,,,,,,,Curtain,"60% Cotton, 40% Polyester, viscose embroidery",Fabric
Carnet De Voyage Fabrics,8360412,4453.3,,,,,,,,,Curtain,"60% Linen, 25% Cotton, 15% Polyester",Fabric
Blooms Cotton Blend,34920919,4272,Abstract / Random,,,,,,,,"Curtain, Upholstery",60% COTON 40% POLYESTER,Fabric
Plains one + 1,131952,4242.5,Plain,,,,,,,,"Curtain, Upholstery",70%Viscose & 30%Linen,Fabric
Tomoko,132082,4008.85,Textured,,,,,,,,"Curtain, Upholstery",92%Polyester & 8% Cotton,Fabric
Carnet De Voyage Fabrics,8380495,3917.32,Stripes,,,,,,,,Curtain,70% VISCOSE- 30% LINEN VISCOSE EMBROIDERY,Fabric
Blooms Cotton Blend,34922857,3900,Abstract / Random,,,,,,,,"Curtain, Upholstery",60% COTON 40% POLYESTER,Fabric
Carnet De Voyage Fabrics,8380147,3819.25,Stripes,,,,,,,,Curtain,70% VISCOSE- 30% LINEN VISCOSE EMBROIDERY,Fabric
Carnet De Voyage Fabrics,8400365,3607.02,Check / Plaid,,,,,,,,Curtain,100% polyester,Fabric
Blooms Cotton Blend,34921735,3342.3,Abstract / Random,,,,,,,,"Curtain, Upholstery",60% COTON 40% POLYESTER,Fabric
Carnet De Voyage Fabrics,8390177,3314.43,Check / Plaid,,,,,,,,Curtain,"55% Cotton, 45% Linen",Fabric
Mixology Designs,34820127,3284.4,Abstract / Random,,,,,,,,Curtain,"60% COTTON, 40% POLYESTER, VISCOSE EMBROIDERY",Fabric
Mixology Designs,34830145,3266.91,Geometric,,,,,,,,Upholstery,"37% LINEN, 33% POLYESTER, 30% POLYAMIDE",Fabric
Carnet De Voyage Fabrics,8380328,3254.12,Stripes,,,,,,,,Curtain,70% VISCOSE- 30% LINEN VISCOSE EMBROIDERY,Fabric
Mixology Designs,34840355,3228,Abstract / Random,,,,,,,,Upholstery,"70% POLYESTER, 30% VISCOSE",Fabric
Blooms Cotton Blend,34922245,3206,Abstract / Random,,,,,,,,"Curtain, Upholstery",60% COTON 40% POLYESTER,Fabric
Blooms Cotton Blend,34921225,3197.7,Abstract / Random,,,,,,,,"Curtain, Upholstery",60% COTON 40% POLYESTER,Fabric
Carnet De Voyage Fabrics,8010371,3195.5,Check / Plaid,,,,,,,,Upholstery,"67% acrylique, 22% polyester, 11% viscose",Fabric
Carnet De Voyage Fabrics,8410489,3159,Embroidery,,,,,,,,Curtain,"100% Polyester, Viscose embroidery",Fabric
Blooms Cotton Blend,34922143,3157.51,Abstract / Random,,,,,,,,"Curtain, Upholstery",60% COTON 40% POLYESTER,Fabric
Carnet De Voyage Fabrics,8400175,3083.8,Check / Plaid,,,,,,,,Curtain,100% polyester,Fabric
geff Laminate,GGLF003,2973.53,Merbau,,,,Laminate Flooring,Merbau,Natural Merbau,,,,Flooring
Plains Five,NPLS131193,2917.5,Abstract / Random,,,,,,,,Curtain,55% Polyester 45% Cotton,Fabric
Mixology Designs,34810123,2862,Abstract / Random,,,,,,,,Curtain,"60% COTTON, 40% POLYESTER, VISCOSE EMBROIDERY",Fabric
Mixology Designs,34820331,2830.5,Abstract / Random,,,,,,,,Curtain,"60% COTTON, 40% POLYESTER, VISCOSE EMBROIDERY",Fabric
Mixology Designs,33800419,2807.7,Check / Plaid,,,,,,,,Curtain,"64% COTTON, 36% POLYESTER",Fabric
Carnet De Voyage Fabrics,8370593,2725.5,Stripes,,,,,,,,Curtain,"60% Cotton, 40% Polyester, viscose embroidery",Fabric
Mixology Designs,34830349,2679.8,Geometric,,,,,,,,Upholstery,"37% LINEN, 33% POLYESTER, 30% POLYAMIDE",Fabric
Carnet De Voyage Fabrics,8000122,2669.7,Abstract / Random,,,,,,,,Upholstery,100% coton,Fabric
Carnet De Voyage Fabrics,8010463,2580.1,Check / Plaid,,,,,,,,Upholstery,"67% acrylique, 22% polyester, 11% viscose",Fabric
Carnet De Voyage Fabrics,8390365,2396.81,Check / Plaid,,,,,,,,Curtain,"55% Cotton, 45% Linen",Fabric
Blooms Cotton Blend,34920715,2329,Abstract / Random,,,,,,,,"Curtain, Upholstery",60% COTON 40% POLYESTER,Fabric
Carnet De Voyage Fabrics,8370315,2268,Stripes,,,,,,,,Curtain,"60% Cotton, 40% Polyester, viscose embroidery",Fabric
Carnet De Voyage Fabrics,8360140,2220.9,Check / Plaid,,,,,,,,Curtain,"60% Linen, 25% Cotton, 15% Polyester",Fabric
Blooms Cotton Blend,34922041,2125,Abstract / Random,,,,,,,,"Curtain, Upholstery",60% COTON 40% POLYESTER,Fabric
Blooms Cotton Blend,34922449,1860.1,Abstract / Random,,,,,,,,"Curtain, Upholstery",60% COTON 40% POLYESTER,Fabric