collection,name,size,design,dyeing_method,construction,backing,product_type,wood_species,colour,fire_rating,usages,composition
"Armstrong Natural Creations",TP038,1318040.78,Oak,,,,"Vinyl Flooring",Walnut,"Roan Oak Driftwood Gray",,,
Jungle,jua107,972002.2500000001,,,,Non-woven,Specialty,,,"ASTM E84 Class A",,
"Armstrong Simpurity",K822-101,561533.8500000001,Biege,,,,"Vinyl Flooring",Biege,"Light Coir",,,
Chimes,AZ52984,554372.3,Plains,,,Osnaburg,Vinyl,,,"ASTM E84 Class A",,
Broadway,"BW01 CHARCOAL",506268.81000000006,Organic,"Yarn Dyed","Multi Level Loop",PVC,,,,,,
Esta,"ES05 ASH",464154.31,Geometric,"Yarn Dyed","Multi Level Loop & Tip Shear","PVC Free",,,,,,
Shalimar,sha6122,406677,,,,Non-woven,Textile,,,"ASTM E84 Class A",,
"geff Laminate",GGLF006,385380.86999999994,Teak,,,,"Laminate Flooring",Teak,"Sawn Teak",,,
Broadway,"BW05 LAGOON",377910.1399999998,Organic,"Yarn Dyed","Multi Level Loop",PVC,,,,,,
Esta,"ES06 MOCHA",343027.8999999999,Geometric,"Yarn Dyed","Multi Level Loop & Tip Shear","PVC Free",,,,,,
Remix,AZ52829,340075.30000000005,Abstract,,,Osnaburg,Vinyl,,,"ASTM E84 Class A",,
"City Star","CS01 RED",299280.89999999997,Stripes,"Solution Dyed","Multi Level Loop","PVC Free",,,,,,
"Color Cube","CC09 GRASS",297031.9599999996,Solid,"Solution Dyed","Twisted Cut Pile",PVC,,,,,,
"City Glaze","CG02 CANE",279252.73,Geometric,"Solution Dyed","Multi Level Loop",PVC,,,,,,
Leedon,"LN05 GREY",274027.8899999999,Geometric,"Solution Dyed","Multi Level Loop",PVC,,,,,,
"Armstrong Medintech Plus",K811-524,270451.8299999999,Green,,,,"Vinyl Flooring",Green,Moss,,,
Safari,Y47162,231409.2,Grass/Bamboos,,,Osnaburg,Vinyl,,,"ASTM E84 Class A",,
Cobra,ca62,230851.57,,,,Non-woven,Non-woven,,,"ASTM E84 Class A",,
"Armstrong Medintech Plus",K811-212,212844.36999999994,Champagne,,,,"Vinyl Flooring",Champagne,"Carthamus Champagne",,,
"Color Cube","CC07 OLIVE",201327.88999999998,Solid,"Solution Dyed","Twisted Cut Pile",PVC,,,,,,
Tomoko,132068,192286.22999999998,"Herringbone / Chevron / Houndstooth",,,,,,,,"Curtain, Upholstery","57%Viscose, 24%Polyester & 19% Cotton"
"Armstrong Natural Creations",CW018,188621.64,Walnut,,,,"Vinyl Flooring",Walnut,"Sparrow Walnut",,,
Cobra,ca64,188291.98,,,,Non-woven,Non-woven,,,"ASTM E84 Class A",,
Esta,"ES09 BLACK",187447.98000000016,Geometric,"Yarn Dyed","Multi Level Loop & Tip Shear","PVC Free",,,,,,
"Plains one + 1",131951,182194.11,Plain,,,,,,,,"Curtain, Upholstery","70%Viscose & 30%Linen"
Vera,"VR04 BLUE",181480.19,Organic,"Solution Dyed","Multi Level Loop",PVC,,,,,,
Cobra,ca55,179683.09000000003,,,,Non-woven,Non-woven,,,"ASTM E84 Class A",,
Chimes,AZ52988,177862.41,Plains,,,Osnaburg,Vinyl,,,"ASTM E84 Class A",,
"Plains one + 1",131943,176817,Plain,,,,,,,,"Curtain, Upholstery","70%Viscose & 30%Linen"
Brushstrokes,Y47053,172982.65,Abstract,,,Osnaburg,Vinyl,,,"ASTM E84 Class A",,
Cobra,ca52,158978.15,,,,Non-woven,Non-woven,,,"ASTM E84 Class A",,
Cobra,ca23,148572.58000000002,,,,Non-woven,Specialty,,,"ASTM E84 Class A",,
"Color Cube","CC01 CHARCOAL",147392.48,Solid,"Solution Dyed","Twisted Cut Pile",PVC,,,,,,
"Color Cube","CC04 WOOD",146746.08999999997,Solid,"Solution Dyed","Twisted Cut Pile",PVC,,,,,,
Nashira,nai5614,143827.72,,,,Non-woven,Non-woven,,,"ASTM E84 Class A",,
Chimes,AZ52985,136704.34999999998,Plains,,,Osnaburg,Vinyl,,,"ASTM E84 Class A",,
Jungle,jua105,129717.25000000001,,,,Non-woven,Specialty,,,"ASTM E84 Class A",,
"Color Cube","CC02 GRANITE",128796.02000000003,Solid,"Solution Dyed","Twisted Cut Pile",PVC,,,,,,
Jungle,jua313,127169.5,,,,Non-woven,Specialty,,,"ASTM E84 Class A",,
"Allure Fabrics",30400666,127061.88999999998,Embroidery,,,,,,,,Curtain,"70% Viscose - 30 % Linen - Viscose Embroidery"
Vera,"VR02 GREY",126834,Organic,"Solution Dyed","Multi Level Loop",PVC,,,,,,
Chimes,AZ52992,121964.76000000001,Plains,,,Osnaburg,Vinyl,,,"ASTM E84 Class A",,
Chimes,AZ52977,119629.55,Plains,,,Osnaburg,Vinyl,,,"ASTM E84 Class A",,
Remix,AZ52825,117144.8,Abstract,,,Osnaburg,Vinyl,,,"ASTM E84 Class A",,
"NOX Vinyl",GD-5120,114949.35,Oak,,,,"Vinyl Flooring",Oak,"European Oak Golden",,,
Milano,"Milano Hunter",113234.12,,,,,,,,,Upholstery,"100% Leather"
Jungle,jua224,113005.8,,,,Non-woven,Specialty,,,"ASTM E84 Class A",,
"Color Cube","CC06 BEIGE",111654.34999999999,Solid,"Solution Dyed","Twisted Cut Pile",PVC,,,,,,
Shalimar,sha6215,110282.5,,,,Non-woven,Textile,,,"ASTM E84 Class A",,
Leedon,"LN06 CHOCOLATE",109971.87999999999,Geometric,"Solution Dyed","Multi Level Loop",PVC,,,,,,
"geff Laminate",GGLF002,109584.79,Walnut,,,,"Laminate Flooring",Walnut,"Sawn Walnut",,,
"Fraser II","FR4806 RUSTIC BROWN",106778.4,Stripes,"Space Dyed","Multi Level Loop",PVC,,,,,,
Soprano,"SO05 WATERFALL",100543.10000000002,Stripes,"Solution Dyed","Multi Level Loop",PVC,,,,,,
Soprano,"SO06 ORCHID",98437.26,Stripes,"Solution Dyed","Multi Level Loop",PVC,,,,,,
Jungle,jua106,98016.89,,,,Non-woven,Specialty,,,"ASTM E84 Class A",,
Milano,"Milano Fig",97264.54,,,,,,,,,Upholstery,"100% Leather"
"City Glaze","CG04 ROCKY",92356.69000000002,Geometric,"Solution Dyed","Multi Level Loop",PVC,,,,,,
Meteor,Y47085,90828.1,Stones,,,Osnaburg,Vinyl,,,"ASTM E84 Class A",,
Chimes,AZ52980,89603.5,Plains,,,Osnaburg,Vinyl,,,"ASTM E84 Class A",,
Remix,AZ52835,88410,Abstract,,,Osnaburg,Vinyl,,,"ASTM E84 Class A",,
"Safari Sun",Y47147,86725.17000000001,Grass/Bamboos,,,Osnaburg,Vinyl,,,"ASTM E84 Class A",,
Uncork,AZ52856,86324.6,Grass/Bamboos,,,Osnaburg,Vinyl,,,"ASTM E84 Class A",,
"Color Cube","CC05 BROWN",83872.31999999998,Solid,"Solution Dyed","Twisted Cut Pile",PVC,,,,,,
Soprano,"SO02 ROCKY",83134.51000000001,Stripes,"Solution Dyed","Multi Level Loop",PVC,,,,,,
"Carnet De Voyage Fabrics",8410125,82891,Embroidery,,,,,,,,Curtain,"100% Polyester, Viscose embroidery"
"NOX Vinyl",GD-5405,82821.23999999999,Maple,,,,"Vinyl Flooring",Maple,"Maple Natural",,,
Acappella,AZ52940,81421.91,Fabric/Silks,,,Osnaburg,Vinyl,,,"ASTM E84 Class A",,
Shalimar,sha7001,79984.02000000002,,,,Non-woven,Non-woven,,,"ASTM E84 Class A",,
Uncork,AZ52854,79525.7,Grass/Bamboos,,,Osnaburg,Vinyl,,,"ASTM E84 Class A",,
Vera,"VR03 CHOCOLATE",78517.72,Organic,"Solution Dyed","Multi Level Loop",PVC,,,,,,
Uncork,AZ52849,77479.54000000001,Grass/Bamboos,,,Osnaburg,Vinyl,,,"ASTM E84 Class A",,
Leedon,"LN03 STONE",76787.6,Geometric,"Solution Dyed","Multi Level Loop",PVC,,,,,,
Esta,"ES03 FOG",76457.96,Geometric,"Yarn Dyed","Multi Level Loop & Tip Shear","PVC Free",,,,,,
Cobra,ca46,75829.5,,,,Non-woven,Specialty,,,"ASTM E84 Class A",,
"Blooms Cotton Blend",34921531,75037,"Abstract / Random",,,,,,,,"Curtain, Upholstery","60% COTON 40% POLYESTER"
NULL,GD-6431,73295.29000000005,NULL,NULL,NULL,NULL,NULL,NULL,NULL,NULL,NULL,NULL
"Plains one + 1",131953,71677.16000000002,Plain,,,,,,,,"Curtain, Upholstery","70%Viscose & 30%Linen"
Jungle,jua324,70358.59999999999,,,,Non-woven,Specialty,,,"ASTM E84 Class A",,
Sanshin,AZ52796,69118.21,Grass/Bamboos,,,Osnaburg,Vinyl,,,"ASTM E84 Class A",,
"Blooms Cotton Blend",34920817,68553.51000000001,"Abstract / Random",,,,,,,,"Curtain, Upholstery","60% COTON 40% POLYESTER"
Oxide,Y47001,68431.1,Abstract,,,Osnaburg,Vinyl,,,"ASTM E84 Class A",,
Chimes,AZ52993,68239.96,Plains,,,Osnaburg,Vinyl,,,"ASTM E84 Class A",,
Cobra,ca41,67441.39,,,,Non-woven,Specialty,,,"ASTM E84 Class A",,
Remix,AZ52826,66866,Abstract,,,Osnaburg,Vinyl,,,"ASTM E84 Class A",,
Jungle,jua211,66791,,,,Non-woven,Specialty,,,"ASTM E84 Class A",,
Rainbows,raa301,66732,,,,Non-woven,Non-woven,,,"ASTM E84 Class A",,
Acappella,AZ52944,66155.4,Fabric/Silks,,,Osnaburg,Vinyl,,,"ASTM E84 Class A",,
Remix,AZ52842,65408.64000000001,Abstract,,,Osnaburg,Vinyl,,,"ASTM E84 Class A",,
Cobra,ca61,65159.12,,,,Non-woven,Non-woven,,,"ASTM E84 Class A",,
Safari,Y47169,62575.35,Grass/Bamboos,,,Osnaburg,Vinyl,,,"ASTM E84 Class A",,
"NOX Vinyl",GD-5121,61343.31,Oak,,,,"Vinyl Flooring",Oak,"European Oak Brown ",,,
Chimes,AZ52989,61331.469999999994,Plains,,,Osnaburg,Vinyl,,,"ASTM E84 Class A",,
Cobra,ca15,60997.46,,,,Non-woven,Specialty,,,"ASTM E84 Class A",,
"City Star","CS04 ORANGE",60939.46,Stripes,"Solution Dyed","Multi Level Loop","PVC Free",,,,,,
"City Glaze","CG05 DUSKY",60328.01000000001,Geometric,"Solution Dyed","Multi Level Loop",PVC,,,,,,
Remix,AZ52834,59287.5,Abstract,,,Osnaburg,Vinyl,,,"ASTM E84 Class A",,
"Fraser II","FR4804 PISTACHIO",59221.399999999994,Stripes,"Space Dyed","Multi Level Loop",PVC,,,,,,
"Color Cube","CC08 CHERRY",59183.55000000001,Solid,"Solution Dyed","Twisted Cut Pile",PVC,,,,,,
Nashira,nai5610,59073.520000000004,,,,Non-woven,Non-woven,,,"ASTM E84 Class A",,
Chimes,AZ52995,59053.60999999999,Plains,,,Osnaburg,Vinyl,,,"ASTM E84 Class A",,
"Fraser II","FR4802 URBAN GREY",59012.54000000001,Stripes,"Space Dyed","Multi Level Loop",PVC,,,,,,
Safari,Y47167,58981,Grass/Bamboos,,,Osnaburg,Vinyl,,,"ASTM E84 Class A",,
Uncork,AZ52848,58617.94,Grass/Bamboos,,,Osnaburg,Vinyl,,,"ASTM E84 Class A",,
Jungle,jua233,58060.259999999995,,,,Non-woven,Specialty,,,"ASTM E84 Class A",,
Shalimar,sha3609,57405,,,,Non-woven,Textile,,,"ASTM E84 Class A",,
Nashira,nai2802,54493,,,,Non-woven,Non-woven,,,"ASTM E84 Class A",,
Cabana,"CB01 STONE",53814.02,Geometric,"Solution Dyed","Level Loop",PVC,,,,,,
Chimes,AZ52982,53364.95,Plains,,,Osnaburg,Vinyl,,,"ASTM E84 Class A",,
Marble,Y46983,52634.75,Stones,,,Osnaburg,Vinyl,,,"ASTM E84 Class A",,
Jungle,jua334,52014.969999999994,,,,Non-woven,Specialty,,,"ASTM E84 Class A",,
Jungle,jua225,51758.82,,,,Non-woven,Specialty,,,"ASTM E84 Class A",,
Nashira,nai2801,51420.3,,,,Non-woven,Non-woven,,,"ASTM E84 Class A",,
Jungle,jua101,51407.24000000001,,,,Non-woven,Specialty,,,"ASTM E84 Class A",,
"Color Cube","CC03 GREY",51260.57000000001,Solid,"Solution Dyed","Twisted Cut Pile",PVC,,,,,,
"City Star","CS05 PURPLE",50977.5,Stripes,"Solution Dyed","Multi Level Loop","PVC Free",,,,,,
Amp'd,AZ52815,50866.549999999996,Abstract,,,Osnaburg,Vinyl,,,"ASTM E84 Class A",,
"Allure Fabrics",3080489,50827.399999999994,Embroidery,,,,,,,,Curtain,"100% LIN, BRODERIE VISCOSE"
Cobra,ca33,50226.00000000001,,,,Non-woven,Specialty,,,"ASTM E84 Class A",,
Chimes,AZ52975,49947.85,Plains,,,Osnaburg,Vinyl,,,"ASTM E84 Class A",,
Cobra,ca54,49409.399999999994,,,,Non-woven,Non-woven,,,"ASTM E84 Class A",,
"Fraser II","FR2303 FOREST",49224.420000000006,Stripes,"Space Dyed","Multi Level Loop",PVC,,,,,,
Cobra,ca66,49111.98,,,,Non-woven,Non-woven,,,"ASTM E84 Class A",,
"Fraser II","FR4801 COSMO BLUE",48555.72000000001,Stripes,"Space Dyed","Multi Level Loop",PVC,,,,,,
"Armstrong Medintech Plus",K811-002,48304.7,Grey,,,,"Vinyl Flooring",Grey,"Silver Grey",,,
"Plains one + 1",131942,44471.45,Plain,,,,,,,,"Curtain, Upholstery","70%Viscose & 30%Linen"
Broadway,"BW03 CEMENT",44055.14,Organic,"Yarn Dyed","Multi Level Loop",PVC,,,,,,
Esta,"ES08 ATLANTIC",43762.64000000001,Geometric,"Yarn Dyed","Multi Level Loop & Tip Shear","PVC Free",,,,,,
Shalimar,sha5418,43741.2,,,,Non-woven,Textile,,,"ASTM E84 Class A",,
Milano,"Milano Garnet",43630.4,,,,,,,,,Upholstery,"100% Leather"
Jungle,jua333,42578.25,,,,Non-woven,Specialty,,,"ASTM E84 Class A",,
Brushstrokes,Y47051,42560.5,Abstract,,,Osnaburg,Vinyl,,,"ASTM E84 Class A",,
Soprano,"SO07 HERITAGE",42292.87,Stripes,"Solution Dyed","Multi Level Loop",PVC,,,,,,
"Armstrong Medintech Plus",K811-003,41932.54,Grey,,,,"Vinyl Flooring",Grey,Smoke,,,
Chimes,AZ52987,41664.799999999996,Plains,,,Osnaburg,Vinyl,,,"ASTM E84 Class A",,
Nashira,nai5609,41633.9,,,,Non-woven,Non-woven,,,"ASTM E84 Class A",,
Cobra,ca57,40802.95,,,,Non-woven,Non-woven,,,"ASTM E84 Class A",,
Jungle,jua406,40267.700000000004,,,,Non-woven,Specialty,,,"ASTM E84 Class A",,
Milano,"Milano Bisque",40198,,,,,,,,,Upholstery,"100% Leather"
"Plains Five",NPLS131168,39811.65000000001,"Abstract / Random",,,,,,,,Curtain,"55% Polyester 45% Cotton"
Davenport,DAV-8787,39616.68,"Animal Skins",,,,,,,,Upholstery,"GSA Certified. Top Grain Leather"
Jungle,jua328,39551,,,,Non-woven,Specialty,,,"ASTM E84 Class A",,
Broadway,"BW08 RUBY",39514.97,Organic,"Yarn Dyed","Multi Level Loop",PVC,,,,,,
Nashira,nai1066,39388.6,,,,Non-woven,Specialty,,,"ASTM E84 Class A",,
Jungle,jua411,39055.78999999999,,,,Non-woven,Specialty,,,"ASTM E84 Class A",,
Acappella,AZ52943,38880.44,Fabric/Silks,,,Osnaburg,Vinyl,,,"ASTM E84 Class A",,
Rainbows,raa403,38225.2,,,,Non-woven,Non-woven,,,"ASTM E84 Class A",,
Sanshin,AZ52795,37411.74,Grass/Bamboos,,,Osnaburg,Vinyl,,,"ASTM E84 Class A",,
"Plains one + 1",131950,37408.75,Plain,,,,,,,,"Curtain, Upholstery","70%Viscose & 30%Linen"
"City Star","CS02 LIME",37319.51,Stripes,"Solution Dyed","Multi Level Loop","PVC Free",,,,,,
Brushstrokes,Y47061,37003.439999999995,Abstract,,,Osnaburg,Vinyl,,,"ASTM E84 Class A",,
Broadway,"BW02 CHOCOLATE",36499.82000000001,Organic,"Yarn Dyed","Multi Level Loop",PVC,,,,,,
"City Star","CS03 BLUE",36113.46,Stripes,"Solution Dyed","Multi Level Loop","PVC Free",,,,,,
Esta,"ES01 CANE",35922.399999999994,Geometric,"Yarn Dyed","Multi Level Loop & Tip Shear","PVC Free",,,,,,
Davenport,DAV-1112,35640,"Animal Skins",,,,,,,,Upholstery,"GSA Certified. Top Grain Leather"
Sanshin,AZ52811,35344.05,Grass/Bamboos,,,Osnaburg,Vinyl,,,"ASTM E84 Class A",,
Uncork,AZ52857,34985.7,Grass/Bamboos,,,Osnaburg,Vinyl,,,"ASTM E84 Class A",,
Rainbows,raa103,34791.3,,,,Non-woven,Specialty,,,"ASTM E84 Class A",,
Uncork,AZ52847,34577.8,Grass/Bamboos,,,Osnaburg,Vinyl,,,"ASTM E84 Class A",,
Remix,AZ52832,34136.799999999996,Abstract,,,Osnaburg,Vinyl,,,"ASTM E84 Class A",,
Davenport,DAV-8779,34084.3,"Animal Skins",,,,,,,,Upholstery,"GSA Certified. Top Grain Leather"
"geff Laminate",GGLF008,34068.69,Oak,,,,"Laminate Flooring",Oak,"Grey Dudsk",,,
"Jailhouse Rock",AZ53040,33497.6,Abstract,,,Osnaburg,Vinyl,,,"ASTM E84 Class A",,
Nashira,nai1022,33080.35,,,,Non-woven,Specialty,,,"ASTM E84 Class A",,
Jungle,jua102,33060,,,,Non-woven,Specialty,,,"ASTM E84 Class A",,
Milano,"Milano Carmel",32982,,,,,,,,,Upholstery,"100% Leather"
Cabana,"CB04 SEA SQUIRT",32795.979999999996,Geometric,"Solution Dyed","Level Loop",PVC,,,,,,
"Blooms Cotton Blend",34921837,32697.72,"Abstract / Random",,,,,,,,"Curtain, Upholstery","60% COTON 40% POLYESTER"
Rainbows,raa309,32430,,,,Non-woven,Non-woven,,,"ASTM E84 Class A",,
Nashira,nai1044,32385.72,,,,Non-woven,Specialty,,,"ASTM E84 Class A",,
"Jailhouse Rock",AZ53038,32274.95,Abstract,,,Osnaburg,Vinyl,,,"ASTM E84 Class A",,
Shalimar,sha4100,32203.8,,,,Non-woven,Textile,,,"ASTM E84 Class A",,
"Fraser II","FR2304 CAMEL",31618.820000000003,Stripes,"Space Dyed","Multi Level Loop",PVC,,,,,,
Shalimar,sha7520,31404,,,,Non-woven,Non-woven,,,"ASTM E84 Class A",,
Davenport,DAV-9206,31242,"Animal Skins",,,,,,,,Upholstery,"GSA Certified. Top Grain Leather"
Nashira,nai1055,31218.8,,,,Non-woven,Specialty,,,"ASTM E84 Class A",,
Brushstrokes,Y47055,30932,Abstract,,,Osnaburg,Vinyl,,,"ASTM E84 Class A",,
Jungle,jua314,30902.9,,,,Non-woven,Specialty,,,"ASTM E84 Class A",,
Sanshin,AZ52812,30850,Grass/Bamboos,,,Osnaburg,Vinyl,,,"ASTM E84 Class A",,
Davenport,DAV-8546,30796,"Animal Skins",,,,,,,,Upholstery,"GSA Certified. Top Grain Leather"
Remix,AZ52839,30748,Abstract,,,Osnaburg,Vinyl,,,"ASTM E84 Class A",,
Uncork,AZ52845,30314,Grass/Bamboos,,,Osnaburg,Vinyl,,,"ASTM E84 Class A",,
Meteor,Y47091,30289.100000000002,Stones,,,Osnaburg,Vinyl,,,"ASTM E84 Class A",,
Jungle,jua315,30250.199999999997,,,,Non-woven,Specialty,,,"ASTM E84 Class A",,
Chimes,AZ52979,30148.98,Plains,,,Osnaburg,Vinyl,,,"ASTM E84 Class A",,
Brushstrokes,Y47063,29848,Abstract,,,Osnaburg,Vinyl,,,"ASTM E84 Class A",,
Oxide,Y46992,29605,Abstract,,,Osnaburg,Vinyl,,,"ASTM E84 Class A",,
Sanshin,AZ52809,29521.5,Grass/Bamboos,,,Osnaburg,Vinyl,,,"ASTM E84 Class A",,
Meteor,Y47083,29364.7,Stones,,,Osnaburg,Vinyl,,,"ASTM E84 Class A",,
Tomoko,132076,29326.579999999998,Textured,,,,,,,,"Curtain, Upholstery","92%Polyester & 8% Cotton"
Vera,"VR01 GRANITE",29323.82,Organic,"Solution Dyed","Multi Level Loop",PVC,,,,,,
"Armstrong Simpurity",K822-001,29285.010000000002,Grey,,,,"Vinyl Flooring",Grey,"Gently Grey",,,
"geff Laminate",GGLF007,29263.4,Oak,,,,"Laminate Flooring",Oak,"Ash Oak",,,
Jungle,jua311,29200.7,,,,Non-woven,Specialty,,,"ASTM E84 Class A",,
Safari,Y47172,28668.55,Grass/Bamboos,,,Osnaburg,Vinyl,,,"ASTM E84 Class A",,
"Plains Five",NPLS131155,28512.5,"Abstract / Random",,,,,,,,Curtain,"55% Polyester 45% Cotton"
Amp'd,AZ52816,28286.75,Abstract,,,Osnaburg,Vinyl,,,"ASTM E84 Class A",,
Uncork,AZ52851,28232.800000000003,Grass/Bamboos,,,Osnaburg,Vinyl,,,"ASTM E84 Class A",,
Jungle,jua312,27931.56,,,,Non-woven,Specialty,,,"ASTM E84 Class A",,
Shalimar,sha2100,27638,,,,Non-woven,Textile,,,"ASTM E84 Class A",,
"Fraser II","FR4805 SPECTRUM RED",27518.05,Stripes,"Space Dyed","Multi Level Loop",PVC,,,,,,
Rainbows,raa302,27464.79,,,,Non-woven,Non-woven,,,"ASTM E84 Class A",,
Sanshin,AZ52793,27369.22,Grass/Bamboos,,,Osnaburg,Vinyl,,,"ASTM E84 Class A",,
Cobra,ca13,27303.96,,,,Non-woven,Specialty,,,"ASTM E84 Class A",,
"Plains Five",NPLS131186,27148.3,"Abstract / Random",,,,,,,,Curtain,"55% Polyester 45% Cotton"
Oxide,Y46999,27105.4,Abstract,,,Osnaburg,Vinyl,,,"ASTM E84 Class A",,
Cabana,"CB02 SANDY",26891.249999999996,Geometric,"Solution Dyed","Level Loop",PVC,,,,,,
Cobra,ca32,26776.589999999997,,,,Non-woven,Specialty,,,"ASTM E84 Class A",,
Rainbows,raa414,26768.200000000004,,,,Non-woven,Non-woven,,,"ASTM E84 Class A",,
Brushstrokes,Y47060,26687.22,Abstract,,,Osnaburg,Vinyl,,,"ASTM E84 Class A",,
Marble,Y46988,26513.650000000005,Stones,,,Osnaburg,Vinyl,,,"ASTM E84 Class A",,
Marble,Y46987,26414.5,Stones,,,Osnaburg,Vinyl,,,"ASTM E84 Class A",,
Nashira,nai6802,26226.9,,,,Non-woven,Non-woven,,,"ASTM E84 Class A",,
"NOX Vinyl",NCP-6710,26194.90999999999,Maple,,,,"Vinyl Flooring",Oak,"Western Oak Grey",,,
Shalimar,sha6405,26168.15,,,,Non-woven,Textile,,,"ASTM E84 Class A",,
Acappella,AZ52957,25837.050000000003,Fabric/Silks,,,Osnaburg,Vinyl,,,"ASTM E84 Class A",,
Safari,Y47171,25802.25,Grass/Bamboos,,,Osnaburg,Vinyl,,,"ASTM E84 Class A",,
"Blooms Cotton Blend",34921633,25536.68,"Abstract / Random",,,,,,,,"Curtain, Upholstery","60% COTON 40% POLYESTER"
Sanshin,AZ52813,25527.350000000002,Grass/Bamboos,,,Osnaburg,Vinyl,,,"ASTM E84 Class A",,
"Armstrong Simpurity",K822-002,25410.89,Grey,,,,"Vinyl Flooring",Grey,"Plow Rock",,,
Shalimar,sha7002,25318.100000000002,,,,Non-woven,Non-woven,,,"ASTM E84 Class A",,
Tomoko,132083,25075.38,Textured,,,,,,,,"Curtain, Upholstery","92%Polyester & 8% Cotton"
"City Glaze","CG03 NATURAL",24788.41,Geometric,"Solution Dyed","Multi Level Loop",PVC,,,,,,
Sanshin,AZ52802,24707.4,Grass/Bamboos,,,Osnaburg,Vinyl,,,"ASTM E84 Class A",,
Brushstrokes,Y47054,24654.4,Abstract,,,Osnaburg,Vinyl,,,"ASTM E84 Class A",,
Oxide,Y46991,24585.1,Abstract,,,Osnaburg,Vinyl,,,"ASTM E84 Class A",,
Shalimar,sha6307,24523.3,,,,Non-woven,Textile,,,"ASTM E84 Class A",,
Acappella,AZ52950,24457.849999999995,Fabric/Silks,,,Osnaburg,Vinyl,,,"ASTM E84 Class A",,
Chimes,AZ52996,24370.6,Plains,,,Osnaburg,Vinyl,,,"ASTM E84 Class A",,
Meteor,Y47086,24282.5,Stones,,,Osnaburg,Vinyl,,,"ASTM E84 Class A",,
"Plains one + 1",131939,24192.3,Plain,,,,,,,,"Curtain, Upholstery","70%Viscose & 30%Linen"
Jungle,jua327,24120,,,,Non-woven,Specialty,,,"ASTM E84 Class A",,
Chimes,AZ52994,24081.6,Plains,,,Osnaburg,Vinyl,,,"ASTM E84 Class A",,
Brushstrokes,Y47062,24064,Abstract,,,Osnaburg,Vinyl,,,"ASTM E84 Class A",,
Rainbows,raa307,23994.6,,,,Non-woven,Non-woven,,,"ASTM E84 Class A",,
"geff Laminate",GGLF005,23927.35,Oak,,,,"Laminate Flooring",Oak,"Tea Mix",,,
Meteor,Y47088,23572.489999999998,Stones,,,Osnaburg,Vinyl,,,"ASTM E84 Class A",,
Uncork,AZ52850,23547.32,Grass/Bamboos,,,Osnaburg,Vinyl,,,"ASTM E84 Class A",,
Cobra,ca63,23532.43,,,,Non-woven,Non-woven,,,"ASTM E84 Class A",,
Nashira,nai1033,23427,,,,Non-woven,Specialty,,,"ASTM E84 Class A",,
"geff Laminate",GGLF001,23418,Oak,,,,"Laminate Flooring",Oak,"White Ice",,,
Davenport,DAV-8774,23053.199999999997,"Animal Skins",,,,,,,,Upholstery,"GSA Certified. Top Grain Leather"
Jungle,jua322,22844.699999999997,,,,Non-woven,Specialty,,,"ASTM E84 Class A",,
Safari,Y47165,22539,Grass/Bamboos,,,Osnaburg,Vinyl,,,"ASTM E84 Class A",,
Jungle,jua232,22432.52,,,,Non-woven,Specialty,,,"ASTM E84 Class A",,
"Fraser II","FR2302 SILVERFISH",22407.22,Stripes,"Space Dyed","Multi Level Loop",PVC,,,,,,
Uncork,AZ52846,22393.57,Grass/Bamboos,,,Osnaburg,Vinyl,,,"ASTM E84 Class A",,
Uncork,AZ52855,22389.7,Grass/Bamboos,,,Osnaburg,Vinyl,,,"ASTM E84 Class A",,
Rainbows,raa203,22379.55,,,,Non-woven,Specialty,,,"ASTM E84 Class A",,
Sanshin,AZ52797,22323.15,Grass/Bamboos,,,Osnaburg,Vinyl,,,"ASTM E84 Class A",,
"Jailhouse Rock",AZ53039,22268.3,Abstract,,,Osnaburg,Vinyl,,,"ASTM E84 Class A",,
Leedon,"LN01 IVORY",22202.96,Geometric,"Solution Dyed","Multi Level Loop",PVC,,,,,,
Oxide,Y46998,22167.6,Abstract,,,Osnaburg,Vinyl,,,"ASTM E84 Class A",,
Shalimar,sha6621,22133.850000000002,,,,Non-woven,Textile,,,"ASTM E84 Class A",,
Nashira,nai1011,22070.3,,,,Non-woven,Specialty,,,"ASTM E84 Class A",,
"Fraser II","FR2301 SOIL",21977.24,Stripes,"Space Dyed","Multi Level Loop",PVC,,,,,,
"Armstrong Medintech Plus",K811-004,21782.5,Grey,,,,"Vinyl Flooring",Grey,Rock,,,
Safari,Y47170,21715,Grass/Bamboos,,,Osnaburg,Vinyl,,,"ASTM E84 Class A",,
Davenport,DAV-7574,21671,"Animal Skins",,,,,,,,Upholstery,"GSA Certified. Top Grain Leather"
Marble,Y46980,21507.8,Stones,,,Osnaburg,Vinyl,,,"ASTM E84 Class A",,
Brushstrokes,Y47050,21505.5,Abstract,,,Osnaburg,Vinyl,,,"ASTM E84 Class A",,
Shalimar,sha6502,21429.8,,,,Non-woven,Textile,,,"ASTM E84 Class A",,
Nashira,nai5602,21424.600000000002,,,,Non-woven,Non-woven,,,"ASTM E84 Class A",,
Jungle,jua332,21394.539999999997,,,,Non-woven,Specialty,,,"ASTM E84 Class A",,
Brushstrokes,Y47066,21339.799999999996,Abstract,,,Osnaburg,Vinyl,,,"ASTM E84 Class A",,
Uncork,AZ52853,21319.8,Grass/Bamboos,,,Osnaburg,Vinyl,,,"ASTM E84 Class A",,
Cobra,ca45,21296.91,,,,Non-woven,Specialty,,,"ASTM E84 Class A",,
"Allure Fabrics",30420280,21288.449999999997,Stripes,,,,,,,,Curtain,"100% LIN"
Sanshin,AZ52800,21218.600000000002,Grass/Bamboos,,,Osnaburg,Vinyl,,,"ASTM E84 Class A",,
Oxide,Y46993,21176,Abstract,,,Osnaburg,Vinyl,,,"ASTM E84 Class A",,
Safari,Y47164,21166.2,Grass/Bamboos,,,Osnaburg,Vinyl,,,"ASTM E84 Class A",,
"Jailhouse Rock",AZ53042,21118.98,Abstract,,,Osnaburg,Vinyl,,,"ASTM E84 Class A",,
Remix,AZ52828,21021.15,Abstract,,,Osnaburg,Vinyl,,,"ASTM E84 Class A",,
Shalimar,sha1206,20994.35,,,,Non-woven,Textile,,,"ASTM E84 Class A",,
Rainbows,raa407,20982.449999999997,,,,Non-woven,Non-woven,,,"ASTM E84 Class A",,
"Carnet De Voyage Fabrics",8400251,20970,"Check / Plaid",,,,,,,,Curtain,"100% polyester"
Sanshin,AZ52805,20963.95,Grass/Bamboos,,,Osnaburg,Vinyl,,,"ASTM E84 Class A",,
Remix,AZ52837,20889,Abstract,,,Osnaburg,Vinyl,,,"ASTM E84 Class A",,
"Fraser II","FR4808 EARTH YELLOW",20723.469999999998,Stripes,"Space Dyed","Multi Level Loop",PVC,,,,,,
"Plains one + 1",131941,20715.94,Plain,,,,,,,,"Curtain, Upholstery","70%Viscose & 30%Linen"
Nashira,nai4604,20600.75,,,,Non-woven,Specialty,,,"ASTM E84 Class A",,
"Mixology Designs",33800623,20548,"Check / Plaid",,,,,,,,Curtain,"64% COTTON, 36% POLYESTER"
Marble,Y46986,20539.3,Stones,,,Osnaburg,Vinyl,,,"ASTM E84 Class A",,
"Allure Fabrics",30410177,20490,Floral,,,,,,,,Curtain,"55% LIN, 45% COTON"
Cobra,ca24,20392.2,,,,Non-woven,Specialty,,,"ASTM E84 Class A",,
Nashira,nai2803,20380.88,,,,Non-woven,Non-woven,,,"ASTM E84 Class A",,
Cobra,ca17,20358.9,,,,Non-woven,Specialty,,,"ASTM E84 Class A",,
"Blooms Cotton Blend",34921021,20310.88,"Abstract / Random",,,,,,,,"Curtain, Upholstery","60% COTON 40% POLYESTER"
Sanshin,AZ52801,20306.5,Grass/Bamboos,,,Osnaburg,Vinyl,,,"ASTM E84 Class A",,
Oxide,Y46990,20262,Abstract,,,Osnaburg,Vinyl,,,"ASTM E84 Class A",,
"Plains one + 1",131948,20161,Plain,,,,,,,,"Curtain, Upholstery","70%Viscose & 30%Linen"
Nashira,nai6801,20117.43,,,,Non-woven,Non-woven,,,"ASTM E84 Class A",,
"Armstrong Natural Creations",CW014,20014.26,Oak,,,,"Vinyl Flooring",Oak,"White Washed Oak",,,
Chimes,AZ52976,19990,Plains,,,Osnaburg,Vinyl,,,"ASTM E84 Class A",,
Davenport,DAV-8446,19985.15,"Animal Skins",,,,,,,,Upholstery,"GSA Certified. Top Grain Leather"
Rainbows,raa412,19951.6,,,,Non-woven,Non-woven,,,"ASTM E84 Class A",,
Safari,Y47173,19799,Grass/Bamboos,,,Osnaburg,Vinyl,,,"ASTM E84 Class A",,
Jungle,jua326,19707.5,,,,Non-woven,Specialty,,,"ASTM E84 Class A",,
Safari,Y47157,19699.8,Grass/Bamboos,,,Osnaburg,Vinyl,,,"ASTM E84 Class A",,
Rainbows,raa102,19652.949999999997,,,,Non-woven,Specialty,,,"ASTM E84 Class A",,
Meteor,Y47080,19539,Stones,,,Osnaburg,Vinyl,,,"ASTM E84 Class A",,
Amp'd,AZ52821,19456,Abstract,,,Osnaburg,Vinyl,,,"ASTM E84 Class A",,
Amp'd,AZ52822,19349.1,Abstract,,,Osnaburg,Vinyl,,,"ASTM E84 Class A",,
"Safari Sun",Y47150,19148.74,Grass/Bamboos,,,Osnaburg,Vinyl,,,"ASTM E84 Class A",,
Davenport,DAV-7349,19105.95,"Animal Skins",,,,,,,,Upholstery,"GSA Certified. Top Grain Leather"
Remix,AZ52841,18980.65,Abstract,,,Osnaburg,Vinyl,,,"ASTM E84 Class A",,
Remix,AZ52836,18974,Abstract,,,Osnaburg,Vinyl,,,"ASTM E84 Class A",,
Safari,Y47160,18783.04,Grass/Bamboos,,,Osnaburg,Vinyl,,,"ASTM E84 Class A",,
"Armstrong Medintech Plus",K811-106,18718.160000000003,Pearl,,,,"Vinyl Flooring",Pearl,"Freesia Pearl",,,
Nashira,nai3802,18688.3,,,,Non-woven,Non-woven,,,"ASTM E84 Class A",,
Acappella,AZ52936,18595,Fabric/Silks,,,Osnaburg,Vinyl,,,"ASTM E84 Class A",,
Remix,AZ52838,18350.5,Abstract,,,Osnaburg,Vinyl,,,"ASTM E84 Class A",,
Sanshin,AZ52807,18085.2,Grass/Bamboos,,,Osnaburg,Vinyl,,,"ASTM E84 Class A",,
Chimes,AZ52978,17926.760000000002,Plains,,,Osnaburg,Vinyl,,,"ASTM E84 Class A",,
Nashira,nai2804,17921.8,,,,Non-woven,Non-woven,,,"ASTM E84 Class A",,
Marble,Y46982,17803.4,Stones,,,Osnaburg,Vinyl,,,"ASTM E84 Class A",,
Brushstrokes,Y47067,17777.1,Abstract,,,Osnaburg,Vinyl,,,"ASTM E84 Class A",,
Rainbows,raa401,17596.010000000002,,,,Non-woven,Non-woven,,,"ASTM E84 Class A",,
Remix,AZ52830,17583.1,Abstract,,,Osnaburg,Vinyl,,,"ASTM E84 Class A",,
"Armstrong Medintech Plus",K811-331,17505.38,Yellow,,,,"Vinyl Flooring",Yellow,Banana,,,
Sanshin,AZ52792,17476.25,Grass/Bamboos,,,Osnaburg,Vinyl,,,"ASTM E84 Class A",,
Acappella,AZ52954,17407.4,Fabric/Silks,,,Osnaburg,Vinyl,,,"ASTM E84 Class A",,
Davenport,DAV-1097,17405,"Animal Skins",,,,,,,,Upholstery,"GSA Certified. Top Grain Leather"
Meteor,Y47087,17358,Stones,,,Osnaburg,Vinyl,,,"ASTM E84 Class A",,
"Plains Five",NPLS131176,17327.1,"Abstract / Random",,,,,,,,Curtain,"55% Polyester 45% Cotton"
"Armstrong Natural Creations",TP037,17324.379999999997,Walnut,,,,"Vinyl Flooring",Oak,"Roan Oak Cocoa",,,
Rainbows,raa204,17292.75,,,,Non-woven,Specialty,,,"ASTM E84 Class A",,
"geff Laminate",GGLF004,17270.800000000003,Oak,,,,"Laminate Flooring",Oak,"Coffee Mix ",,,
Acappella,AZ52935,17256,Fabric/Silks,,,Osnaburg,Vinyl,,,"ASTM E84 Class A",,
Tomoko,132073,17254.3,"Herringbone / Chevron / Houndstooth",,,,,,,,"Curtain, Upholstery","57%Viscose, 24%Polyester & 19% Cotton"
Amp'd,AZ52818,17121,Abstract,,,Osnaburg,Vinyl,,,"ASTM E84 Class A",,
"Carnet De Voyage Fabrics",8410232,17052.239999999998,Embroidery,,,,,,,,Curtain,"100% Polyester, Viscose embroidery"
Davenport,DAV-8548,17050,"Animal Skins",,,,,,,,Upholstery,"GSA Certified. Top Grain Leather"
"Safari Sun",Y47146,17043.39,Grass/Bamboos,,,Osnaburg,Vinyl,,,"ASTM E84 Class A",,
Chimes,AZ52990,17023.05,Plains,,,Osnaburg,Vinyl,,,"ASTM E84 Class A",,
Rainbows,raa312,16992.72,,,,Non-woven,Non-woven,,,"ASTM E84 Class A",,
Davenport,DAV-9203,16919,"Animal Skins",,,,,,,,Upholstery,"GSA Certified. Top Grain Leather"
"Armstrong Medintech Plus",K811-107,16879.28,Gold,,,,"Vinyl Flooring",Gold,"Desert Gold",,,
"Jailhouse Rock",AZ53036,16833,Abstract,,,Osnaburg,Vinyl,,,"ASTM E84 Class A",,
Brushstrokes,Y47056,16728,Abstract,,,Osnaburg,Vinyl,,,"ASTM E84 Class A",,
Shalimar,sha3521,16661,,,,Non-woven,Textile,,,"ASTM E84 Class A",,
Shalimar,sha3204,16597.43,,,,Non-woven,Textile,,,"ASTM E84 Class A",,
Oxide,Y46996,16385.100000000006,Abstract,,,Osnaburg,Vinyl,,,"ASTM E84 Class A",,
Shalimar,sha7540,16323.52,,,,Non-woven,Non-woven,,,"ASTM E84 Class A",,
"Armstrong Natural Creations",CW007,16255.099999999999,Pine,,,,"Vinyl Flooring",Oak,"Snow Pine",,,
Sanshin,AZ52808,16220,Grass/Bamboos,,,Osnaburg,Vinyl,,,"ASTM E84 Class A",,
Sanshin,AZ52791,16197.300000000001,Grass/Bamboos,,,Osnaburg,Vinyl,,,"ASTM E84 Class A",,
"Plains Five",NPLS131181,16171.38,"Abstract / Random",,,,,,,,Curtain,"55% Polyester 45% Cotton"
Rainbows,raa306,16145.56,,,,Non-woven,Non-woven,,,"ASTM E84 Class A",,
Sanshin,AZ52804,16040,Grass/Bamboos,,,Osnaburg,Vinyl,,,"ASTM E84 Class A",,
"Allure Fabrics",30400333,15970.2,Embroidery,,,,,,,,Curtain,"70% Viscose - 30 % Linen - Viscose Embroidery"
Acappella,AZ52945,15960.3,Fabric/Silks,,,Osnaburg,Vinyl,,,"ASTM E84 Class A",,
Marble,Y46981,15897.5,Stones,,,Osnaburg,Vinyl,,,"ASTM E84 Class A",,
Marble,Y46984,15874.08,Stones,,,Osnaburg,Vinyl,,,"ASTM E84 Class A",,
Sanshin,AZ52790,15813.96,Grass/Bamboos,,,Osnaburg,Vinyl,,,"ASTM E84 Class A",,
Jungle,jua325,15797.480000000001,,,,Non-woven,Specialty,,,"ASTM E84 Class A",,
Safari,Y47158,15783,Grass/Bamboos,,,Osnaburg,Vinyl,,,"ASTM E84 Class A",,
"Jailhouse Rock",AZ53037,15781.4,Abstract,,,Osnaburg,Vinyl,,,"ASTM E84 Class A",,
Brushstrokes,Y47059,15627.5,Abstract,,,Osnaburg,Vinyl,,,"ASTM E84 Class A",,
Marble,Y46985,15449.47,Stones,,,Osnaburg,Vinyl,,,"ASTM E84 Class A",,
Acappella,AZ52958,15406.5,Fabric/Silks,,,Osnaburg,Vinyl,,,"ASTM E84 Class A",,
Uncork,AZ52852,15372.85,Grass/Bamboos,,,Osnaburg,Vinyl,,,"ASTM E84 Class A",,
Sanshin,AZ52806,15309.48,Grass/Bamboos,,,Osnaburg,Vinyl,,,"ASTM E84 Class A",,
Oxide,Y46994,15307.529999999999,Abstract,,,Osnaburg,Vinyl,,,"ASTM E84 Class A",,
Sanshin,AZ52799,15300.2,Grass/Bamboos,,,Osnaburg,Vinyl,,,"ASTM E84 Class A",,
Broadway,"BW07 VANILLA",15128.98,Organic,"Yarn Dyed","Multi Level Loop",PVC,,,,,,
Rainbows,raa201,15120.919999999998,,,,Non-woven,Specialty,,,"ASTM E84 Class A",,
Rainbows,raa405,15015.7,,,,Non-woven,Non-woven,,,"ASTM E84 Class A",,
Shalimar,sha6719,15015,,,,Non-woven,Textile,,,"ASTM E84 Class A",,
Tomoko,132062,15005.199999999999,Geometric,,,,,,,,"Curtain, Upholstery","56%Viscose, 25%Polyester & 19% Cotton"
Acappella,AZ52956,15004.6,Fabric/Silks,,,Osnaburg,Vinyl,,,"ASTM E84 Class A",,
Oxide,Y47000,14972.4,Abstract,,,Osnaburg,Vinyl,,,"ASTM E84 Class A",,
Acappella,AZ52951,14969,Fabric/Silks,,,Osnaburg,Vinyl,,,"ASTM E84 Class A",,
Chimes,AZ52991,14948.799999999997,Plains,,,Osnaburg,Vinyl,,,"ASTM E84 Class A",,
Tomoko,132064,14942.5,Textured,,,,,,,,"Curtain, Upholstery","56%Viscose, 25%Polyester & 19% Cotton"
Rainbows,raa101,14939.95,,,,Non-woven,Specialty,,,"ASTM E84 Class A",,
Meteor,Y47082,14856.750000000002,Stones,,,Osnaburg,Vinyl,,,"ASTM E84 Class A",,
Nashira,nai4603,14821.9,,,,Non-woven,Specialty,,,"ASTM E84 Class A",,
Brushstrokes,Y47052,14720,Abstract,,,Osnaburg,Vinyl,,,"ASTM E84 Class A",,
Cobra,ca56,14713,,,,Non-woven,Non-woven,,,"ASTM E84 Class A",,
Meteor,Y47089,14686.5,Stones,,,Osnaburg,Vinyl,,,"ASTM E84 Class A",,
Nashira,nai5601,14608.199999999999,,,,Non-woven,Non-woven,,,"ASTM E84 Class A",,
Remix,AZ52840,14585,Abstract,,,Osnaburg,Vinyl,,,"ASTM E84 Class A",,
Nashira,nai6805,14579.2,,,,Non-woven,Non-woven,,,"ASTM E84 Class A",,
Davenport,DAV-7800,14562.02,"Animal Skins",,,,,,,,Upholstery,"GSA Certified. Top Grain Leather"
Chimes,AZ52997,14560,Plains,,,Osnaburg,Vinyl,,,"ASTM E84 Class A",,
Acappella,AZ52948,14502,Fabric/Silks,,,Osnaburg,Vinyl,,,"ASTM E84 Class A",,
Acappella,AZ52953,14418.1,Fabric/Silks,,,Osnaburg,Vinyl,,,"ASTM E84 Class A",,
Meteor,Y47090,14348.2,Stones,,,Osnaburg,Vinyl,,,"ASTM E84 Class A",,
Shalimar,sha5221,14257.6,,,,Non-woven,Textile,,,"ASTM E84 Class A",,
"Allure Fabrics",3090299,14247,Floral,,,,,,,,Curtain,"59% LIN, 41% COTON, BRODERIE VISCOSE"
Davenport,DAV-4536,14225,"Animal Skins",,,,,,,,Upholstery,"GSA Certified. Top Grain Leather"
Acappella,AZ52942,14201.599999999999,Fabric/Silks,,,Osnaburg,Vinyl,,,"ASTM E84 Class A",,
Sanshin,AZ52803,14107.2,Grass/Bamboos,,,Osnaburg,Vinyl,,,"ASTM E84 Class A",,
Davenport,DAV-8979,13927,"Animal Skins",,,,,,,,Upholstery,"GSA Certified. Top Grain Leather"
"Plains Five",NPLS131177,13845.95,"Abstract / Random",,,,,,,,Curtain,"55% Polyester 45% Cotton"
Brushstrokes,Y47057,13695,Abstract,,,Osnaburg,Vinyl,,,"ASTM E84 Class A",,
"Allure Fabrics",30400444,13617.8,Embroidery,,,,,,,,Curtain,"70% Viscose - 30 % Linen - Viscose Embroidery"
Nashira,nai6804,13607,,,,Non-woven,Non-woven,,,"ASTM E84 Class A",,
Sanshin,AZ52794,13567,Grass/Bamboos,,,Osnaburg,Vinyl,,,"ASTM E84 Class A",,
Shalimar,sha3105,13533.199999999999,,,,Non-woven,Textile,,,"ASTM E84 Class A",,
Amp'd,AZ52819,13523.95,Abstract,,,Osnaburg,Vinyl,,,"ASTM E84 Class A",,
Chimes,AZ52983,13515,Plains,,,Osnaburg,Vinyl,,,"ASTM E84 Class A",,
Davenport,DAV-9202,13494,"Animal Skins",,,,,,,,Upholstery,"GSA Certified. Top Grain Leather"
"Safari Sun",Y47145,13492.55,Grass/Bamboos,,,Osnaburg,Vinyl,,,"ASTM E84 Class A",,
Sanshin,AZ52798,13479.4,Grass/Bamboos,,,Osnaburg,Vinyl,,,"ASTM E84 Class A",,
Safari,Y47156,13477.45,Grass/Bamboos,,,Osnaburg,Vinyl,,,"ASTM E84 Class A",,
Safari,Y47161,13397,Grass/Bamboos,,,Osnaburg,Vinyl,,,"ASTM E84 Class A",,
Cabana,"CB03 MUD GREEN",13389.45,Geometric,"Solution Dyed","Level Loop",PVC,,,,,,
"Jailhouse Rock",AZ53041,13202.4,Abstract,,,Osnaburg,Vinyl,,,"ASTM E84 Class A",,
"Carnet De Voyage Fabrics",8390411,13153,"Check / Plaid",,,,,,,,Curtain,"55% Cotton, 45% Linen"
Nashira,nai3801,13023.65,,,,Non-woven,Non-woven,,,"ASTM E84 Class A",,
Davenport,DAV-9201,12974.2,"Animal Skins",,,,,,,,Upholstery,"GSA Certified. Top Grain Leather"
Meteor,Y47081,12929.45,Stones,,,Osnaburg,Vinyl,,,"ASTM E84 Class A",,
Nashira,nai5611,12900.4,,,,Non-woven,Non-woven,,,"ASTM E84 Class A",,
Amp'd,AZ52817,12869.150000000001,Abstract,,,Osnaburg,Vinyl,,,"ASTM E84 Class A",,
Remix,AZ52833,12868.09,Abstract,,,Osnaburg,Vinyl,,,"ASTM E84 Class A",,
Jungle,jua321,12867.800000000003,,,,Non-woven,Specialty,,,"ASTM E84 Class A",,
"Allure Fabrics",30430231,12774,Embroidery,,,,,,,,Curtain,"70% VISCOSE, 30% LIN"
Jungle,jua402,12767.880000000001,,,,Non-woven,Specialty,,,"ASTM E84 Class A",,
Jungle,jua103,12767.4,,,,Non-woven,Specialty,,,"ASTM E84 Class A",,
Meteor,Y47084,12691.31,Stones,,,Osnaburg,Vinyl,,,"ASTM E84 Class A",,
"Carnet De Voyage Fabrics",8380263,12657,Stripes,,,,,,,,Curtain,"70% VISCOSE- 30% LINEN VISCOSE EMBROIDERY"
Oxide,Y46997,12564,Abstract,,,Osnaburg,Vinyl,,,"ASTM E84 Class A",,
Oxide,Y46995,12522,Abstract,,,Osnaburg,Vinyl,,,"ASTM E84 Class A",,
Chimes,AZ52981,12506.960000000001,Plains,,,Osnaburg,Vinyl,,,"ASTM E84 Class A",,
Safari,Y47166,12493.3,Grass/Bamboos,,,Osnaburg,Vinyl,,,"ASTM E84 Class A",,
Rainbows,raa202,12446.24,,,,Non-woven,Specialty,,,"ASTM E84 Class A",,
"Plains Five",NPLS131180,12320.5,"Abstract / Random",,,,,,,,Curtain,"55% Polyester 45% Cotton"
Shalimar,sha2221,12307,,,,Non-woven,Textile,,,"ASTM E84 Class A",,
Rainbows,raa304,12245.75,,,,Non-woven,Non-woven,,,"ASTM E84 Class A",,
Rainbows,raa315,12176,,,,Non-woven,Non-woven,,,"ASTM E84 Class A",,
Tomoko,132087,12126.4,Textured,,,,,,,,"Curtain, Upholstery","92%Polyester & 8% Cotton"
Cobra,ca21,12041.800000000001,,,,Non-woven,Specialty,,,"ASTM E84 Class A",,
Nashira,nai5613,12009.7,,,,Non-woven,Non-woven,,,"ASTM E84 Class A",,
Davenport,DAV-7582,12008,"Animal Skins",,,,,,,,Upholstery,"GSA Certified. Top Grain Leather"
"Plains Five",NPLS131162,11991,"Abstract / Random",,,,,,,,Curtain,"55% Polyester 45% Cotton"
Chimes,AZ52986,11989.3,Plains,,,Osnaburg,Vinyl,,,"ASTM E84 Class A",,
Sanshin,AZ52810,11945.9,Grass/Bamboos,,,Osnaburg,Vinyl,,,"ASTM E84 Class A",,
Nashira,nai5608,11923.199999999997,,,,Non-woven,Non-woven,,,"ASTM E84 Class A",,
"Jailhouse Rock",AZ53035,11911.48,Abstract,,,Osnaburg,Vinyl,,,"ASTM E84 Class A",,
Cobra,ca53,11799.08,,,,Non-woven,Non-woven,,,"ASTM E84 Class A",,
Jungle,jua417,11707.1,,,,Non-woven,Specialty,,,"ASTM E84 Class A",,
Cobra,ca65,11702.33,,,,Non-woven,Non-woven,,,"ASTM E84 Class A",,
Safari,Y47155,11679.2,Grass/Bamboos,,,Osnaburg,Vinyl,,,"ASTM E84 Class A",,
Cobra,ca31,11639.2,,,,Non-woven,Specialty,,,"ASTM E84 Class A",,
Jungle,jua323,11636.2,,,,Non-woven,Specialty,,,"ASTM E84 Class A",,
Rainbows,raa410,11596.97,,,,Non-woven,Non-woven,,,"ASTM E84 Class A",,
Acappella,AZ52941,11549.3,Fabric/Silks,,,Osnaburg,Vinyl,,,"ASTM E84 Class A",,
Shalimar,sha3306,11539.05,,,,Non-woven,Textile,,,"ASTM E84 Class A",,
Rainbows,raa305,11444.3,,,,Non-woven,Non-woven,,,"ASTM E84 Class A",,
Nashira,nai5607,11425.519999999999,,,,Non-woven,Non-woven,,,"ASTM E84 Class A",,
Cobra,ca51,11361.2,,,,Non-woven,Non-woven,,,"ASTM E84 Class A",,
Acappella,AZ52955,11323.650000000001,Fabric/Silks,,,Osnaburg,Vinyl,,,"ASTM E84 Class A",,
Shalimar,sha4422,11228.5,,,,Non-woven,Textile,,,"ASTM E84 Class A",,
Nashira,nai5604,11079.9,,,,Non-woven,Non-woven,,,"ASTM E84 Class A",,
"Armstrong Medintech Plus",K811-533,11064.83,Blue,,,,"Vinyl Flooring",Blue,Turquoise,,,
Safari,Y47159,11046.449999999999,Grass/Bamboos,,,Osnaburg,Vinyl,,,"ASTM E84 Class A",,
"Allure Fabrics",30420534,10975.5,Stripes,,,,,,,,Curtain,"100% LIN"
Jungle,jua415,10974.900000000001,,,,Non-woven,Specialty,,,"ASTM E84 Class A",,
Nashira,nai5603,10729.7,,,,Non-woven,Non-woven,,,"ASTM E84 Class A",,
"Allure Fabrics",3090478,10699,Floral,,,,,,,,Curtain,"59% LIN, 41% COTON, BRODERIE VISCOSE"
Acappella,AZ52938,10690.5,Fabric/Silks,,,Osnaburg,Vinyl,,,"ASTM E84 Class A",,
Acappella,AZ52949,10608.1,Fabric/Silks,,,Osnaburg,Vinyl,,,"ASTM E84 Class A",,
Acappella,AZ52937,10549.3,Fabric/Silks,,,Osnaburg,Vinyl,,,"ASTM E84 Class A",,
Brushstrokes,Y47064,10522,Abstract,,,Osnaburg,Vinyl,,,"ASTM E84 Class A",,
"Allure Fabrics",3090363,10509,Floral,,,,,,,,Curtain,"59% LIN, 41% COTON, BRODERIE VISCOSE"
"Safari Sun",Y47148,10427,Grass/Bamboos,,,Osnaburg,Vinyl,,,"ASTM E84 Class A",,
Amp'd,AZ52823,10385.76,Abstract,,,Osnaburg,Vinyl,,,"ASTM E84 Class A",,
Rainbows,raa310,10354.119999999999,,,,Non-woven,Non-woven,,,"ASTM E84 Class A",,
"Carnet De Voyage Fabrics",8010145,10341.6,"Check / Plaid",,,,,,,,Upholstery,"67% acrylique, 22% polyester, 11% viscose"
"Plains one + 1",131949,10306.11,Plain,,,,,,,,"Curtain, Upholstery","70%Viscose & 30%Linen"
Brushstrokes,Y47058,10243,Abstract,,,Osnaburg,Vinyl,,,"ASTM E84 Class A",,
"Armstrong Natural Creations",CW008,10229.66,Oak,,,,"Vinyl Flooring",Oak,"Mountain Grey",,,
Shalimar,sha3400,10166,,,,Non-woven,Textile,,,"ASTM E84 Class A",,
"Allure Fabrics",30450366,10030.5,Stripes,,,,,,,,Curtain,"65% LIN, 35% POLYESTER"
Cobra,ca42,9957.44,,,,Non-woven,Specialty,,,"ASTM E84 Class A",,
Brushstrokes,Y47065,9953.75,Abstract,,,Osnaburg,Vinyl,,,"ASTM E84 Class A",,
Nashira,nai5605,9920.2,,,,Non-woven,Non-woven,,,"ASTM E84 Class A",,
Cobra,ca22,9915.82,,,,Non-woven,Specialty,,,"ASTM E84 Class A",,
Rainbows,raa311,9848.119999999999,,,,Non-woven,Non-woven,,,"ASTM E84 Class A",,
"Allure Fabrics",30440569,9827.6,Geometric,,,,,,,,Curtain,"78% VISCOSE, 22% POLYESTER"
Rainbows,raa409,9810.4,,,,Non-woven,Non-woven,,,"ASTM E84 Class A",,
Cobra,ca12,9778.84,,,,Non-woven,Specialty,,,"ASTM E84 Class A",,
Shalimar,sha4206,9692.54,,,,Non-woven,Textile,,,"ASTM E84 Class A",,
Amp'd,AZ52820,9684.96,Abstract,,,Osnaburg,Vinyl,,,"ASTM E84 Class A",,
Rainbows,raa413,9664.050000000001,,,,Non-woven,Non-woven,,,"ASTM E84 Class A",,
"Armstrong Natural Creations",TP039,9659.4,Oak,,,,"Vinyl Flooring",Oak,"Roan Oak Charcoal",,,
Acappella,AZ52952,9638,Fabric/Silks,,,Osnaburg,Vinyl,,,"ASTM E84 Class A",,
Cobra,ca11,9549.000000000002,,,,Non-woven,Specialty,,,"ASTM E84 Class A",,
Tomoko,132088,9494.67,Textured,,,,,,,,"Curtain, Upholstery","92%Polyester & 8% Cotton"
Tomoko,132065,9490,Textured,,,,,,,,"Curtain, Upholstery","56%Viscose, 25%Polyester & 19% Cotton"
Shalimar,sha1300,9298.5,,,,Non-woven,Textile,,,"ASTM E84 Class A",,
Shalimar,sha5105,9282.25,,,,Non-woven,Textile,,,"ASTM E84 Class A",,
Safari,Y47168,9272,Grass/Bamboos,,,Osnaburg,Vinyl,,,"ASTM E84 Class A",,
Chimes,AZ52998,9175.32,Plains,,,Osnaburg,Vinyl,,,"ASTM E84 Class A",,
Tomoko,132060,9174,Geometric,,,,,,,,"Curtain, Upholstery","56%Viscose, 25%Polyester & 19% Cotton"
Jungle,jua403,9082,,,,Non-woven,Specialty,,,"ASTM E84 Class A",,
Tomoko,132071,8972.5,"Herringbone / Chevron / Houndstooth",,,,,,,,"Curtain, Upholstery","57%Viscose, 24%Polyester & 19% Cotton"
Rainbows,raa408,8939.5,,,,Non-woven,Non-woven,,,"ASTM E84 Class A",,
"Plains Five",NPLS131187,8936.1,"Abstract / Random",,,,,,,,Curtain,"55% Polyester 45% Cotton"
Nashira,nai2805,8909.5,,,,Non-woven,Non-woven,,,"ASTM E84 Class A",,
"Armstrong Natural Creations",CW004,8868.5,Walnut,,,,"Vinyl Flooring",Walnut,"Exotic Walnut",,,
"Safari Sun",Y47149,8839.4,Grass/Bamboos,,,Osnaburg,Vinyl,,,"ASTM E84 Class A",,
Remix,AZ52827,8807.7,Abstract,,,Osnaburg,Vinyl,,,"ASTM E84 Class A",,
"Carnet De Voyage Fabrics",8410367,8749,Embroidery,,,,,,,,Curtain,"100% Polyester, Viscose embroidery"
"Carnet De Voyage Fabrics",8000599,8741,"Abstract / Random",,,,,,,,Upholstery,"100% coton"
Safari,Y47163,8629,Grass/Bamboos,,,Osnaburg,Vinyl,,,"ASTM E84 Class A",,
Davenport,DAV-7579,8592.5,"Animal Skins",,,,,,,,Upholstery,"GSA Certified. Top Grain Leather"
"Carnet De Voyage Fabrics",8370241,8578.9,Stripes,,,,,,,,Curtain,"60% Cotton, 40% Polyester, viscose embroidery"
"Blooms Cotton Blend",34922653,8557,"Abstract / Random",,,,,,,,"Curtain, Upholstery","60% COTON 40% POLYESTER"
Remix,AZ52831,8361,Abstract,,,Osnaburg,Vinyl,,,"ASTM E84 Class A",,
Rainbows,raa318,8324.2,,,,Non-woven,Non-woven,,,"ASTM E84 Class A",,
Rainbows,raa316,8090.5,,,,Non-woven,Non-woven,,,"ASTM E84 Class A",,
Nashira,nai6803,8085.2,,,,Non-woven,Non-woven,,,"ASTM E84 Class A",,
"Allure Fabrics",30410213,8076.5,Floral,,,,,,,,Curtain,"55% LIN, 45% COTON"
Tomoko,132070,8010,"Herringbone / Chevron / Houndstooth",,,,,,,,"Curtain, Upholstery","57%Viscose, 24%Polyester & 19% Cotton"
Shalimar,sha1121,8002.610000000001,,,,Non-woven,Textile,,,"ASTM E84 Class A",,
Acappella,AZ52939,7983.85,Fabric/Silks,,,Osnaburg,Vinyl,,,"ASTM E84 Class A",,
Davenport,DAV-7298,7868.5,"Animal Skins",,,,,,,,Upholstery,"GSA Certified. Top Grain Leather"
Rainbows,raa313,7797,,,,Non-woven,Non-woven,,,"ASTM E84 Class A",,
"Plains Five",NPLS131175,7572,"Abstract / Random",,,,,,,,Curtain,"55% Polyester 45% Cotton"
Shalimar,sha2306,7540,,,,Non-woven,Textile,,,"ASTM E84 Class A",,
"Mixology Designs",34830451,7516.96,Geometric,,,,,,,,Upholstery,"37% LINEN, 33% POLYESTER, 30% POLYAMIDE"
"Plains one + 1",131940,7434.75,Plain,,,,,,,,"Curtain, Upholstery","70%Viscose & 30%Linen"
"Plains Five",NPLS131192,7399,"Abstract / Random",,,,,,,,Curtain,"55% Polyester 45% Cotton"
Acappella,AZ52947,7390.32,Fabric/Silks,,,Osnaburg,Vinyl,,,"ASTM E84 Class A",,
"Blooms Cotton Blend",34920613,7358.469999999999,"Abstract / Random",,,,,,,,"Curtain, Upholstery","60% COTON 40% POLYESTER"
Shalimar,sha2405,7325.3,,,,Non-woven,Textile,,,"ASTM E84 Class A",,
"Carnet De Voyage Fabrics",8360268,7323.5,"Check / Plaid",,,,,,,,Curtain,"60% Linen, 25% Cotton, 15% Polyester"
"Allure Fabrics",30450155,7281,Stripes,,,,,,,,Curtain,"65% LIN, 35% POLYESTER"
"Plains Five",NPLS131172,7191.700000000001,"Abstract / Random",,,,,,,,Curtain,"55% Polyester 45% Cotton"
Cobra,ca44,7081.23,,,,Non-woven,Specialty,,,"ASTM E84 Class A",,
"Plains one + 1",131946,7066,Plain,,,,,,,,"Curtain, Upholstery","70%Viscose & 30%Linen"
Shalimar,sha4321,7066,,,,Non-woven,Textile,,,"ASTM E84 Class A",,
Acappella,AZ52946,7044,Fabric/Silks,,,Osnaburg,Vinyl,,,"ASTM E84 Class A",,
"Mixology Designs",34820433,7032.8,"Abstract / Random",,,,,,,,Curtain,"60% COTTON, 40% POLYESTER, VISCOSE EMBROIDERY"
"Allure Fabrics",30440491,6979.5,Geometric,,,,,,,,Curtain,"78% VISCOSE, 22% POLYESTER"
"Mixology Designs",34840253,6943,"Abstract / Random",,,,,,,,Upholstery,"70% POLYESTER, 30% VISCOSE"
"Allure Fabrics",30400555,6906.3,Embroidery,,,,,,,,Curtain,"70% Viscose - 30 % Linen - Viscose Embroidery"
Nashira,nai4601,6840.099999999999,,,,Non-woven,Specialty,,,"ASTM E84 Class A",,
Jungle,jua404,6802.5,,,,Non-woven,Specialty,,,"ASTM E84 Class A",,
Jungle,jua104,6791.65,,,,Non-woven,Specialty,,,"ASTM E84 Class A",,
"Blooms Cotton Blend",34921939,6788,"Abstract / Random",,,,,,,,"Curtain, Upholstery","60% COTON 40% POLYESTER"
"Blooms Cotton Blend",34922755,6715,"Abstract / Random",,,,,,,,"Curtain, Upholstery","60% COTON 40% POLYESTER"
Shalimar,sha5317,6701,,,,Non-woven,Textile,,,"ASTM E84 Class A",,
"Plains Five",NPLS131159,6596.3,"Abstract / Random",,,,,,,,Curtain,"55% Polyester 45% Cotton"
Nashira,nai3803,6562.6,,,,Non-woven,Non-woven,,,"ASTM E84 Class A",,
"Allure Fabrics",30400100,6524,Embroidery,,,,,,,,Curtain,"70% Viscose - 30 % Linen - Viscose Embroidery"
Cobra,ca14,6508.5,,,,Non-woven,Specialty,,,"ASTM E84 Class A",,
Tomoko,132063,6501.5,Textured,,,,,,,,"Curtain, Upholstery","56%Viscose, 25%Polyester & 19% Cotton"
"Allure Fabrics",30450483,6454,Stripes,,,,,,,,Curtain,"65% LIN, 35% POLYESTER"
Nashira,nai4602,6440.4,,,,Non-woven,Specialty,,,"ASTM E84 Class A",,
"Blooms Cotton Blend",34921429,6430.12,"Abstract / Random",,,,,,,,"Curtain, Upholstery","60% COTON 40% POLYESTER"
Milano,"Milano Marine",6420.5,,,,,,,,,Upholstery,"100% Leather"
"Plains Five",NPLS131158,6397.9,"Abstract / Random",,,,,,,,Curtain,"55% Polyester 45% Cotton"
"Allure Fabrics",30420359,6220,Stripes,,,,,,,,Curtain,"100% LIN"
"Plains Five",NPLS131185,6217,"Abstract / Random",,,,,,,,Curtain,"55% Polyester 45% Cotton"
"Allure Fabrics",3080223,6176,Embroidery,,,,,,,,Curtain,"100% LIN, BRODERIE VISCOSE"
"Allure Fabrics",30450284,6031,Stripes,,,,,,,,Curtain,"65% LIN, 35% POLYESTER"
Cobra,ca43,6027.4400000000005,,,,Non-woven,Specialty,,,"ASTM E84 Class A",,
Nashira,nai5606,6020.4,,,,Non-woven,Non-woven,,,"ASTM E84 Class A",,
"Armstrong Medintech Plus",K811-435,5987.389999999999,Red,,,,"Vinyl Flooring",Red,Rouge,,,
"Carnet De Voyage Fabrics",8000477,5985.5,"Abstract / Random",,,,,,,,Upholstery,"100% coton"
"Mixology Designs",33800215,5968,"Check / Plaid",,,,,,,,Curtain,"64% COTTON, 36% POLYESTER"
Rainbows,raa303,5951,,,,Non-woven,Non-woven,,,"ASTM E84 Class A",,
Rainbows,raa411,5922.2,,,,Non-woven,Non-woven,,,"ASTM E84 Class A",,
"Allure Fabrics",30430129,5886.68,Embroidery,,,,,,,,Curtain,"70% VISCOSE, 30% LIN"
"Allure Fabrics",30410351,5782.5,Floral,,,,,,,,Curtain,"55% LIN, 45% COTON"
"Carnet De Voyage Fabrics",8370621,5683.7,Stripes,,,,,,,,Curtain,"60% Cotton, 40% Polyester, viscose embroidery"
"Carnet De Voyage Fabrics",8010256,5653,"Check / Plaid",,,,,,,,Upholstery,"67% acrylique, 22% polyester, 11% viscose"
"Plains Five",NPLS131174,5595.01,"Abstract / Random",,,,,,,,Curtain,"55% Polyester 45% Cotton"
Tomoko,132066,5565,Textured,,,,,,,,"Curtain, Upholstery","56%Viscose, 25%Polyester & 19% Cotton"
Milano,"Milano Stucco",5545.84,,,,,,,,,Upholstery,"100% Leather"
Rainbows,raa402,5535.8,,,,Non-woven,Non-woven,,,"ASTM E84 Class A",,
"Allure Fabrics",30440235,5535,Geometric,,,,,,,,Curtain,"78% VISCOSE, 22% POLYESTER"
"Blooms Cotton Blend",34921327,5323.3,"Abstract / Random",,,,,,,,"Curtain, Upholstery","60% COTON 40% POLYESTER"
"Plains one + 1",131945,5291,Plain,,,,,,,,"Curtain, Upholstery","70%Viscose & 30%Linen"
"Carnet De Voyage Fabrics",8000255,5279,"Abstract / Random",,,,,,,,Upholstery,"100% coton"
"Blooms Cotton Blend",34920511,5249.58,"Abstract / Random",,,,,,,,"Curtain, Upholstery","60% COTON 40% POLYESTER"
Tomoko,132084,5227.4,Textured,,,,,,,,"Curtain, Upholstery","92%Polyester & 8% Cotton"
"Plains Five",NPLS131194,5029.900000000001,"Abstract / Random",,,,,,,,Curtain,"55% Polyester 45% Cotton"
Tomoko,132085,4825.4,Textured,,,,,,,,"Curtain, Upholstery","92%Polyester & 8% Cotton"
"Mixology Designs",34820535,4809.8,"Abstract / Random",,,,,,,,Curtain,"60% COTTON, 40% POLYESTER, VISCOSE EMBROIDERY"
"Blooms Cotton Blend",34921123,4778,"Abstract / Random",,,,,,,,"Curtain, Upholstery","60% COTON 40% POLYESTER"
"Plains one + 1",131944,4770.6,Plain,,,,,,,,"Curtain, Upholstery","70%Viscose & 30%Linen"
"Blooms Cotton Blend",34922347,4718.5,"Abstract / Random",,,,,,,,"Curtain, Upholstery","60% COTON 40% POLYESTER"
"Allure Fabrics",30400227,4661.5,Embroidery,,,,,,,,Curtain,"70% Viscose - 30 % Linen - Viscose Embroidery"
"Mixology Designs",34840457,4628,"Abstract / Random",,,,,,,,Upholstery,"70% POLYESTER, 30% VISCOSE"
"Allure Fabrics",3080112,4589.67,Embroidery,,,,,,,,Curtain,"100% LIN, BRODERIE VISCOSE"
"Carnet De Voyage Fabrics",8360391,4508,"Check / Plaid",,,,,,,,Curtain,"60% Linen, 25% Cotton, 15% Polyester"
"Allure Fabrics",3080345,4475.49,Embroidery,,,,,,,,Curtain,"100% LIN, BRODERIE VISCOSE"
"Carnet De Voyage Fabrics",8370427,4465,Stripes,,,,,,,,Curtain,"60% Cotton, 40% Polyester, viscose embroidery"
"Carnet De Voyage Fabrics",8360412,4453.3,,,,,,,,,Curtain,"60% Linen, 25% Cotton, 15% Polyester"
"Blooms Cotton Blend",34920919,4272,"Abstract / Random",,,,,,,,"Curtain, Upholstery","60% COTON 40% POLYESTER"
"Plains one + 1",131952,4242.5,Plain,,,,,,,,"Curtain, Upholstery","70%Viscose & 30%Linen"
Tomoko,132082,4008.85,Textured,,,,,,,,"Curtain, Upholstery","92%Polyester & 8% Cotton"
"Carnet De Voyage Fabrics",8380495,3917.3199999999997,Stripes,,,,,,,,Curtain,"70% VISCOSE- 30% LINEN VISCOSE EMBROIDERY"
"Blooms Cotton Blend",34922857,3900,"Abstract / Random",,,,,,,,"Curtain, Upholstery","60% COTON 40% POLYESTER"
"Carnet De Voyage Fabrics",8380147,3819.25,Stripes,,,,,,,,Curtain,"70% VISCOSE- 30% LINEN VISCOSE EMBROIDERY"
"Carnet De Voyage Fabrics",8400365,3607.0200000000004,"Check / Plaid",,,,,,,,Curtain,"100% polyester"
"Blooms Cotton Blend",34921735,3342.3,"Abstract / Random",,,,,,,,"Curtain, Upholstery","60% COTON 40% POLYESTER"
"Carnet De Voyage Fabrics",8390177,3314.4300000000003,"Check / Plaid",,,,,,,,Curtain,"55% Cotton, 45% Linen"
"Mixology Designs",34820127,3284.4,"Abstract / Random",,,,,,,,Curtain,"60% COTTON, 40% POLYESTER, VISCOSE EMBROIDERY"
"Mixology Designs",34830145,3266.91,Geometric,,,,,,,,Upholstery,"37% LINEN, 33% POLYESTER, 30% POLYAMIDE"
"Carnet De Voyage Fabrics",8380328,3254.12,Stripes,,,,,,,,Curtain,"70% VISCOSE- 30% LINEN VISCOSE EMBROIDERY"
"Mixology Designs",34840355,3228,"Abstract / Random",,,,,,,,Upholstery,"70% POLYESTER, 30% VISCOSE"
"Blooms Cotton Blend",34922245,3206,"Abstract / Random",,,,,,,,"Curtain, Upholstery","60% COTON 40% POLYESTER"
"Blooms Cotton Blend",34921225,3197.7,"Abstract / Random",,,,,,,,"Curtain, Upholstery","60% COTON 40% POLYESTER"
"Carnet De Voyage Fabrics",8010371,3195.5,"Check / Plaid",,,,,,,,Upholstery,"67% acrylique, 22% polyester, 11% viscose"
"Carnet De Voyage Fabrics",8410489,3159,Embroidery,,,,,,,,Curtain,"100% Polyester, Viscose embroidery"
"Blooms Cotton Blend",34922143,3157.51,"Abstract / Random",,,,,,,,"Curtain, Upholstery","60% COTON 40% POLYESTER"
"Carnet De Voyage Fabrics",8400175,3083.8,"Check / Plaid",,,,,,,,Curtain,"100% polyester"
"geff Laminate",GGLF003,2973.53,Merbau,,,,"Laminate Flooring",Merbau,"Natural Merbau",,,
"Plains Five",NPLS131193,2917.5,"Abstract / Random",,,,,,,,Curtain,"55% Polyester 45% Cotton"
"Mixology Designs",34810123,2862,"Abstract / Random",,,,,,,,Curtain,"60% COTTON, 40% POLYESTER, VISCOSE EMBROIDERY"
"Mixology Designs",34820331,2830.5,"Abstract / Random",,,,,,,,Curtain,"60% COTTON, 40% POLYESTER, VISCOSE EMBROIDERY"
"Mixology Designs",33800419,2807.7,"Check / Plaid",,,,,,,,Curtain,"64% COTTON, 36% POLYESTER"
"Carnet De Voyage Fabrics",8370593,2725.5,Stripes,,,,,,,,Curtain,"60% Cotton, 40% Polyester, viscose embroidery"
"Mixology Designs",34830349,2679.8,Geometric,,,,,,,,Upholstery,"37% LINEN, 33% POLYESTER, 30% POLYAMIDE"
"Carnet De Voyage Fabrics",8000122,2669.7,"Abstract / Random",,,,,,,,Upholstery,"100% coton"
"Carnet De Voyage Fabrics",8010463,2580.1,"Check / Plaid",,,,,,,,Upholstery,"67% acrylique, 22% polyester, 11% viscose"
"Carnet De Voyage Fabrics",8390365,2396.81,"Check / Plaid",,,,,,,,Curtain,"55% Cotton, 45% Linen"
"Blooms Cotton Blend",34920715,2329,"Abstract / Random",,,,,,,,"Curtain, Upholstery","60% COTON 40% POLYESTER"
"Carnet De Voyage Fabrics",8370315,2268,Stripes,,,,,,,,Curtain,"60% Cotton, 40% Polyester, viscose embroidery"
"Carnet De Voyage Fabrics",8360140,2220.9,"Check / Plaid",,,,,,,,Curtain,"60% Linen, 25% Cotton, 15% Polyester"
"Blooms Cotton Blend",34922041,2125,"Abstract / Random",,,,,,,,"Curtain, Upholstery","60% COTON 40% POLYESTER"
"Blooms Cotton Blend",34922449,1860.1,"Abstract / Random",,,,,,,,"Curtain, Upholstery","60% COTON 40% POLYESTER"
